<Customization level="670" description="Make the SALESPERSON field on the SOLINE a REQUIRED field" product-version="23.107">
    <DAC type="PX.Objects.SO.SOLine">
        <Field FieldName="SalesPersonID" TypeName="int" TextAttributes="#CDATA" OverrideGeneratedAttributes="True" OverrideClassName="PX.Objects.SO.SOLine" StorageName="ExistingColumn">
            <CDATA name="TextAttributes"><![CDATA[[SalesPerson(Required=true)]
[PXParent(typeof(Select<SOSalesPerTran, Where<SOSalesPerTran.orderType, Equal<Current<SOLine.orderType>>, And<SOSalesPerTran.orderNbr, Equal<Current<SOLine.orderNbr>>, And<SOSalesPerTran.salespersonID, Equal<Current2<SOLine.salesPersonID>>>>>>), LeaveChildren = true, ParentCreate = true)]
[PXDefault(typeof(SOOrder.salesPersonID), PersistingCheck = PXPersistingCheck.NullOrBlank)]
[PXForeignReference(typeof(SOLine.FK.SalesPerson))]]]></CDATA>
        </Field>
    </DAC>
</Customization>