<Customization level="30000" description="Views and Measurements for Return Rate" product-version="24.210">
    <Graph ClassName="vwReturnRateBase" Description="DAC Created off of New View vwReturnRateBase" Source="#CDATA" IsNew="True" FileType="NewDac">
        <CDATA name="Source"><![CDATA[using System;
using PX.Data;

namespace PRLReturnRate
{
	[Serializable]
	[PXCacheName("vwReturnRateBase")]
	public class vwReturnRateBase : PXBqlTable, IBqlTable
	{
		#region InventoryCD
		[PXDBString(30, IsUnicode = true, InputMask = "")]
		[PXUIField(DisplayName = "Inventory CD")]
		public virtual string InventoryCD { get; set; }
		public abstract class inventoryCD : PX.Data.BQL.BqlString.Field<inventoryCD> { }
		#endregion

		#region CustomerID
		[PXDBInt()]
		[PXUIField(DisplayName = "Customer ID")]
		public virtual int? CustomerID { get; set; }
		public abstract class customerID : PX.Data.BQL.BqlInt.Field<customerID> { }
		#endregion

		#region CustomerCD
		[PXDBString(30, IsUnicode = true, InputMask = "")]
		[PXUIField(DisplayName = "Customer CD")]
		public virtual string CustomerCD { get; set; }
		public abstract class customerCD : PX.Data.BQL.BqlString.Field<customerCD> { }
		#endregion

		#region InvoiceNbr
		[PXDBString(40, IsUnicode = true, InputMask = "")]
		[PXUIField(DisplayName = "Invoice Nbr")]
		public virtual string InvoiceNbr { get; set; }
		public abstract class invoiceNbr : PX.Data.BQL.BqlString.Field<invoiceNbr> { }
		#endregion

		#region ItemClassCD
		[PXDBString(30, IsUnicode = true, InputMask = "")]
		[PXUIField(DisplayName = "Item Class CD")]
		public virtual string ItemClassCD { get; set; }
		public abstract class itemClassCD : PX.Data.BQL.BqlString.Field<itemClassCD> { }
		#endregion

		#region Qty
		[PXDBDecimal()]
		[PXUIField(DisplayName = "Qty")]
		public virtual Decimal? Qty { get; set; }
		public abstract class qty : PX.Data.BQL.BqlDecimal.Field<qty> { }
		#endregion

		#region CuryTranAmt
		[PXDBDecimal()]
		[PXUIField(DisplayName = "Cury Tran Amt")]
		public virtual Decimal? CuryTranAmt { get; set; }
		public abstract class curyTranAmt : PX.Data.BQL.BqlDecimal.Field<curyTranAmt> { }
		#endregion

		#region ReturnQty
		[PXDBDecimal()]
		[PXUIField(DisplayName = "Return Qty")]
		public virtual Decimal? ReturnQty { get; set; }
		public abstract class returnQty : PX.Data.BQL.BqlDecimal.Field<returnQty> { }
		#endregion

		#region ReturnAmt
		[PXDBDecimal()]
		[PXUIField(DisplayName = "Return Amt")]
		public virtual Decimal? ReturnAmt { get; set; }
		public abstract class returnAmt : PX.Data.BQL.BqlDecimal.Field<returnAmt> { }
		#endregion

		#region InvoiceDate
		[PXDBDate()]
		[PXUIField(DisplayName = "Invoice Date")]
		public virtual DateTime? InvoiceDate { get; set; }
		public abstract class invoiceDate : PX.Data.BQL.BqlDateTime.Field<invoiceDate> { }
		#endregion

		#region AccountCD
		[PXDBString(10, IsUnicode = true, InputMask = "")]
		[PXUIField(DisplayName = "Account CD")]
		public virtual string AccountCD { get; set; }
		public abstract class accountCD : PX.Data.BQL.BqlString.Field<accountCD> { }
		#endregion

		#region Subid
		[PXDBInt()]
		[PXUIField(DisplayName = "Subid")]
		public virtual int? Subid { get; set; }
		public abstract class subid : PX.Data.BQL.BqlInt.Field<subid> { }
		#endregion

		#region SOOrderNbr
		[PXDBString(15, IsUnicode = true, InputMask = "")]
		[PXUIField(DisplayName = "SOOrder Nbr")]
		public virtual string SOOrderNbr { get; set; }
		public abstract class sOOrderNbr : PX.Data.BQL.BqlString.Field<sOOrderNbr> { }
		#endregion

		#region TranLineNbr
		[PXDBInt()]
		[PXUIField(DisplayName = "Tran Line Nbr")]
		public virtual int? TranLineNbr { get; set; }
		public abstract class tranLineNbr : PX.Data.BQL.BqlInt.Field<tranLineNbr> { }
		#endregion
	}
}]]></CDATA>
    </Graph>
    <Sql TableName="vwReturnRateBase" CustomScript="#CDATA">
        <CDATA name="CustomScript"><![CDATA[CREATE OR ALTER VIEW [dbo].[vwReturnRateBase]
AS
SELECT
    CompanyID,
    InventoryCD,
    CustomerID,
    CustomerCD,
    InvoiceNbr,
    ItemClassCD,
    -- Sales metrics
    CASE WHEN AccountCD = '5000' THEN Qty ELSE 0 END AS Qty,
    CASE WHEN AccountCD = '5000' THEN CuryTranAmt ELSE 0 END AS CuryTranAmt,
    -- Return metrics
    CASE WHEN AccountCD = '5040' THEN Qty ELSE 0 END AS ReturnQty,
    CASE WHEN AccountCD = '5040' THEN CuryTranAmt ELSE 0 END AS ReturnAmt,
    InvoiceDate,
    AccountCD,
    SubID,
    SOOrderNbr,
    TranLineNbr
FROM [2024R2DEV].[dbo].[vwSalesReportData]
WHERE AccountCD IN ('5000','5040');]]></CDATA>
    </Sql>
</Customization>