<Customization level="1010" description="Create SQL view for BOM Where Used Multilevel" product-version="24.210">
    <Graph ClassName="viewBOMWhereUsedMultilevel" Source="#CDATA" IsNew="True" FileType="NewDac">
        <CDATA name="Source"><![CDATA[using System;
using PX.Data;

namespace CBIZ.PL.BOMWhereUsed
{
  [Serializable]
  [PXCacheName("viewBOMWhereUsedMultilevel")]
  public class viewBOMWhereUsedMultilevel : PXBqlTable, IBqlTable
  {
    #region ComponentInventoryID
    [PXDBInt(IsKey=true)]
    [PXUIField(DisplayName = "Component Inventory ID")]
    public virtual int? ComponentInventoryID { get; set; }
    public abstract class componentInventoryID : PX.Data.BQL.BqlInt.Field<componentInventoryID> { }
    #endregion

    #region ComponentCD
    [PXDBString(30, IsUnicode = true, InputMask = "")]
    [PXUIField(DisplayName = "Component CD")]
    public virtual string ComponentCD { get; set; }
    public abstract class componentCD : PX.Data.BQL.BqlString.Field<componentCD> { }
    #endregion

    #region ComponentDescr
    [PXDBString(256, IsUnicode = true, InputMask = "")]
    [PXUIField(DisplayName = "Component Descr")]
    public virtual string ComponentDescr { get; set; }
    public abstract class componentDescr : PX.Data.BQL.BqlString.Field<componentDescr> { }
    #endregion

    #region ParentInventoryID
    [PXDBInt(IsKey=true)]
    [PXUIField(DisplayName = "Parent Inventory ID")]
    public virtual int? ParentInventoryID { get; set; }
    public abstract class parentInventoryID : PX.Data.BQL.BqlInt.Field<parentInventoryID> { }
    #endregion

    #region ParentCD
    [PXDBString(30, IsUnicode = true, InputMask = "")]
    [PXUIField(DisplayName = "Parent CD")]
    public virtual string ParentCD { get; set; }
    public abstract class parentCD : PX.Data.BQL.BqlString.Field<parentCD> { }
    #endregion

    #region ParentDescr
    [PXDBString(256, IsUnicode = true, InputMask = "")]
    [PXUIField(DisplayName = "Parent Descr")]
    public virtual string ParentDescr { get; set; }
    public abstract class parentDescr : PX.Data.BQL.BqlString.Field<parentDescr> { }
    #endregion

    #region Bomid
    [PXDBString(15, IsUnicode = true,IsKey=true, InputMask = "")]
    [PXUIField(DisplayName = "BOM ID")]
    public virtual string Bomid { get; set; }
    public abstract class bomid : PX.Data.BQL.BqlString.Field<bomid> { }
    #endregion

    #region RevisionID
    [PXDBString(10, IsUnicode = true,IsKey=true, InputMask = "")]
    [PXUIField(DisplayName = "Revision ID")]
    public virtual string RevisionID { get; set; }
    public abstract class revisionID : PX.Data.BQL.BqlString.Field<revisionID> { }
    #endregion

    #region Lineid
    [PXDBInt(IsKey=true)]
    [PXUIField(DisplayName = "Line ID")]
    public virtual int? Lineid { get; set; }
    public abstract class lineid : PX.Data.BQL.BqlInt.Field<lineid> { }
    #endregion

    #region LevelNbr
    [PXDBInt(IsKey=true)]
    [PXUIField(DisplayName = "Level Nbr")]
    public virtual int? LevelNbr { get; set; }
    public abstract class levelNbr : PX.Data.BQL.BqlInt.Field<levelNbr> { }
    #endregion

    #region QtyPer
    [PXDBDecimal()]
    [PXUIField(DisplayName = "Qty Per")]
    public virtual Decimal? QtyPer { get; set; }
    public abstract class qtyPer : PX.Data.BQL.BqlDecimal.Field<qtyPer> { }
    #endregion

    #region CumulativeQty
    [PXDBDecimal()]
    [PXUIField(DisplayName = "Cumulative Qty")]
    public virtual Decimal? CumulativeQty { get; set; }
    public abstract class cumulativeQty : PX.Data.BQL.BqlDecimal.Field<cumulativeQty> { }
    #endregion

    #region Pathcd
    [PXDBString(2000, IsUnicode = true, InputMask = "")]
    [PXUIField(DisplayName = "PathCD")]
    public virtual string Pathcd { get; set; }
    public abstract class pathcd : PX.Data.BQL.BqlString.Field<pathcd> { }
    #endregion

    #region Pathbom
    [PXDBString(2000, IsUnicode = true,IsKey=true, InputMask = "")]
    [PXUIField(DisplayName = "PathBOM")]
    public virtual string Pathbom { get; set; }
    public abstract class pathbom : PX.Data.BQL.BqlString.Field<pathbom> { }
    #endregion

    #region Status
    [PXDBString(1, IsFixed = true, InputMask = "")]
    [PXUIField(DisplayName = "Status")]
    public virtual string Status { get; set; }
    public abstract class status : PX.Data.BQL.BqlString.Field<status> { }
    #endregion

    #region EffStartDate
    [PXDBDate()]
    [PXUIField(DisplayName = "Eff Start Date")]
    public virtual DateTime? EffStartDate { get; set; }
    public abstract class effStartDate : PX.Data.BQL.BqlDateTime.Field<effStartDate> { }
    #endregion

    #region EffEndDate
    [PXDBDate()]
    [PXUIField(DisplayName = "Eff End Date")]
    public virtual DateTime? EffEndDate { get; set; }
    public abstract class effEndDate : PX.Data.BQL.BqlDateTime.Field<effEndDate> { }
    #endregion
  }
}]]></CDATA>
    </Graph>
    <Graph ClassName="viewBOMWhereUsedMultilevelGroup" Source="#CDATA" IsNew="True" FileType="NewDac">
        <CDATA name="Source"><![CDATA[using System;
using PX.Data;

namespace CBIZ.PL.BOMWhereUsed
{
  [Serializable]
  [PXCacheName("viewBOMWhereUsedMultilevelGroup")]
  public class viewBOMWhereUsedMultilevelGroup : PXBqlTable, IBqlTable
  {
    #region ComponentInventoryID
    [PXDBInt(IsKey=true)]
    [PXUIField(DisplayName = "Component Inventory ID")]
    public virtual int? ComponentInventoryID { get; set; }
    public abstract class componentInventoryID : PX.Data.BQL.BqlInt.Field<componentInventoryID> { }
    #endregion

    #region ComponentCD
    [PXDBString(30, IsUnicode = true, InputMask = "")]
    [PXUIField(DisplayName = "Component CD")]
    public virtual string ComponentCD { get; set; }
    public abstract class componentCD : PX.Data.BQL.BqlString.Field<componentCD> { }
    #endregion

    #region ComponentDescr
    [PXDBString(256, IsUnicode = true, InputMask = "")]
    [PXUIField(DisplayName = "Component Descr")]
    public virtual string ComponentDescr { get; set; }
    public abstract class componentDescr : PX.Data.BQL.BqlString.Field<componentDescr> { }
    #endregion

    #region ParentInventoryID
    [PXDBInt(IsKey=true)]
    [PXUIField(DisplayName = "Parent Inventory ID")]
    public virtual int? ParentInventoryID { get; set; }
    public abstract class parentInventoryID : PX.Data.BQL.BqlInt.Field<parentInventoryID> { }
    #endregion

    #region ParentCD
    [PXDBString(30, IsUnicode = true, InputMask = "")]
    [PXUIField(DisplayName = "Parent CD")]
    public virtual string ParentCD { get; set; }
    public abstract class parentCD : PX.Data.BQL.BqlString.Field<parentCD> { }
    #endregion

    #region ParentDescr
    [PXDBString(256, IsUnicode = true, InputMask = "")]
    [PXUIField(DisplayName = "Parent Descr")]
    public virtual string ParentDescr { get; set; }
    public abstract class parentDescr : PX.Data.BQL.BqlString.Field<parentDescr> { }
    #endregion

    #region Bomid
    [PXDBString(15, IsUnicode = true,IsKey=true, InputMask = "")]
    [PXUIField(DisplayName = "Bomid")]
    public virtual string Bomid { get; set; }
    public abstract class bomid : PX.Data.BQL.BqlString.Field<bomid> { }
    #endregion

    #region RevisionID
    [PXDBString(10, IsUnicode = true, IsKey=true,InputMask = "")]
    [PXUIField(DisplayName = "Revision ID")]
    public virtual string RevisionID { get; set; }
    public abstract class revisionID : PX.Data.BQL.BqlString.Field<revisionID> { }
    #endregion

    #region LevelNbr
    [PXDBInt(IsKey=true)]
    [PXUIField(DisplayName = "Level Nbr")]
    public virtual int? LevelNbr { get; set; }
    public abstract class levelNbr : PX.Data.BQL.BqlInt.Field<levelNbr> { }
    #endregion
  }
}]]></CDATA>
    </Graph>
    <Sql TableName="CreateviewBOMWhereUsedMultilevel" CustomScript="#CDATA">
        <CDATA name="CustomScript"><![CDATA[DROP VIEW If Exists [dbo].viewBOMWhereUsedMultilevel
GO

CREATE OR ALTER VIEW dbo.viewBOMWhereUsedMultilevel
AS
WITH WhereUsed AS (
    -- Level 1 (component -> immediate parent assemblies)
    SELECT
        BI.CompanyID                                   AS CompanyID,

        1                                              AS LevelNbr,
        M.InventoryID                                  AS ComponentInventoryID,
        IIc.InventoryCD                                AS ComponentCD,
        IIc.Descr                                      AS ComponentDescr,

        BI.InventoryID                                 AS ParentInventoryID,
        IIp.InventoryCD                                AS ParentCD,
        IIp.Descr                                      AS ParentDescr,

        M.BOMID,
        M.RevisionID,
        M.LineID,
        CAST(ISNULL(NULLIF(M.QtyReq, 0), 0.0) AS decimal(18,6)) AS QtyPer,
        CAST(ISNULL(NULLIF(M.QtyReq, 0), 0.0) AS decimal(18,6)) AS CumulativeQty,

        CAST(CONCAT(IIc.InventoryCD, ' -> ', IIp.InventoryCD) AS nvarchar(2000)) AS PathCD,
        CAST(CONCAT(CAST(M.BOMID AS nvarchar(60)), ':', CAST(M.RevisionID AS nvarchar(60))) AS nvarchar(2000)) AS PathBOM,

        BI.Status,
        BI.EffStartDate,
        BI.EffEndDate
    FROM AMBomMatl M
    INNER JOIN AMBomItem BI
        ON BI.CompanyID  = M.CompanyID
       AND BI.BOMID      = M.BOMID
       AND BI.RevisionID = M.RevisionID
    INNER JOIN InventoryItem IIc
        ON IIc.CompanyID   = M.CompanyID
       AND IIc.InventoryID = M.InventoryID             -- component
    INNER JOIN InventoryItem IIp
        ON IIp.CompanyID   = BI.CompanyID
       AND IIp.InventoryID = BI.InventoryID            -- parent
    WHERE
        (BI.Status = 'A' OR BI.Status = 'Active')
        AND (BI.EffStartDate IS NULL OR BI.EffStartDate <= GETDATE())
        AND (BI.EffEndDate   IS NULL OR BI.EffEndDate   >= GETDATE())

    UNION ALL

    -- Recursive step (climb up to higher-level parents)
    SELECT
        W.CompanyID                                    AS CompanyID,

        W.LevelNbr + 1                                 AS LevelNbr,

        W.ComponentInventoryID                         AS ComponentInventoryID,
        W.ComponentCD                                  AS ComponentCD,
        W.ComponentDescr                               AS ComponentDescr,

        BI2.InventoryID                                AS ParentInventoryID,
        IIp2.InventoryCD                               AS ParentCD,
        IIp2.Descr                                     AS ParentDescr,

        M2.BOMID,
        M2.RevisionID,
        M2.LineID,
        CAST(ISNULL(NULLIF(M2.QtyReq, 0), 0.0) AS decimal(18,6)) AS QtyPer,
        CAST(W.CumulativeQty * ISNULL(NULLIF(M2.QtyReq, 0), 0.0) AS decimal(18,6)) AS CumulativeQty,

        CAST(CONCAT(W.PathCD, ' -> ', IIp2.InventoryCD) AS nvarchar(2000)) AS PathCD,
        CAST(CONCAT(W.PathBOM, ' / ',
                    CAST(M2.BOMID AS nvarchar(60)), ':', CAST(M2.RevisionID AS nvarchar(60))) AS nvarchar(2000)) AS PathBOM,

        BI2.Status,
        BI2.EffStartDate,
        BI2.EffEndDate
    FROM WhereUsed W
    INNER JOIN AMBomMatl M2
        ON M2.CompanyID   = W.CompanyID
       AND M2.InventoryID = W.ParentInventoryID
    INNER JOIN AMBomItem BI2
        ON BI2.CompanyID  = M2.CompanyID
       AND BI2.BOMID      = M2.BOMID
       AND BI2.RevisionID = M2.RevisionID
    INNER JOIN InventoryItem IIp2
        ON IIp2.CompanyID   = BI2.CompanyID
       AND IIp2.InventoryID = BI2.InventoryID
    WHERE
        (BI2.Status = 'A' OR BI2.Status = 'Active')
        AND (BI2.EffStartDate IS NULL OR BI2.EffStartDate <= GETDATE())
        AND (BI2.EffEndDate   IS NULL OR BI2.EffEndDate   >= GETDATE())
        AND W.PathCD NOT LIKE '%' + IIp2.InventoryCD + '%'
)
SELECT
    W.CompanyID,

    W.ComponentInventoryID,
    W.ComponentCD,
    W.ComponentDescr,

    W.ParentInventoryID,
    W.ParentCD,
    W.ParentDescr,

    W.BOMID,
    W.RevisionID,
    W.LineID,
    W.LevelNbr,
    W.QtyPer,
    W.CumulativeQty,
    W.PathCD,
    W.PathBOM,

    W.Status,
    W.EffStartDate,
    W.EffEndDate
FROM WhereUsed W;

GO]]></CDATA>
    </Sql>
    <Sql TableName="CreateviewBOMWhereUsedMultilevelGroup" CustomScript="#CDATA">
        <CDATA name="CustomScript"><![CDATA[DROP VIEW If Exists [dbo].viewBOMWhereUsedMultilevelGroup
GO

CREATE OR ALTER VIEW dbo.viewBOMWhereUsedMultilevelGroup
AS
SELECT  [CompanyID]
      ,[ComponentInventoryID]
      ,[ComponentCD]
      ,[ComponentDescr]
      ,[ParentInventoryID]
      ,[ParentCD]
      ,[ParentDescr]
      ,[BOMID]
      ,[RevisionID]
      ,min([LevelNbr]) as [LevelNbr]
  FROM [viewBOMWhereUsedMultilevel]
  Group By [CompanyID]
      ,[ComponentInventoryID]
      ,[ComponentCD]
      ,[ComponentDescr]
      ,[ParentInventoryID]
      ,[ParentCD]
      ,[ParentDescr]
      ,[BOMID]
      ,[RevisionID]
     

GO]]></CDATA>
    </Sql>
</Customization>