<Customization level="9000" description="Custom Inquiries" product-version="23.107">
    <GenericInquiryScreen>
        <data-set>
            <relations format-version="3" relations-version="20220627" main-table="GIDesign" stable-sharing="True" file-name="(Name)">
                <link from="GIFilter (DesignID)" to="GIDesign (DesignID)" />
                <link from="GIGroupBy (DesignID)" to="GIDesign (DesignID)" />
                <link from="GIMassAction (DesignID)" to="GIDesign (DesignID)" />
                <link from="GIMassUpdateField (DesignID)" to="GIDesign (DesignID)" />
                <link from="GINavigationScreen (DesignID)" to="GIDesign (DesignID)" />
                <link from="GINavigationParameter (DesignID, NavigationScreenLineNbr)" to="GINavigationScreen (DesignID, LineNbr)" />
                <link from="GINavigationCondition (DesignID, NavigationScreenLineNbr)" to="GINavigationScreen (DesignID, LineNbr)" />
                <link from="GIOn (DesignID, RelationNbr)" to="GIRelation (DesignID, LineNbr)" />
                <link from="GIRecordDefault (DesignID)" to="GIDesign (DesignID)" />
                <link from="GIRelation (DesignID, ParentTable)" to="GITable (DesignID, Alias)" />
                <link from="GIRelation (DesignID, ChildTable)" to="GITable (DesignID, Alias)" />
                <link from="GIResult (DesignID)" to="GIDesign (DesignID)" />
                <link from="GIResult (ObjectName, DesignID)" to="GITable (Alias, DesignID)" />
                <link from="GISort (DesignID)" to="GIDesign (DesignID)" />
                <link from="GITable (DesignID)" to="GIDesign (DesignID)" />
                <link from="GIWhere (DesignID)" to="GIDesign (DesignID)" />
                <link from="SiteMap (Url)" to="GIDesign (DesignID)" type="WeakByUrl" linkname="toDesignById" baseurl="~/GenericInquiry/GenericInquiry.aspx" paramnames="id" />
                <link from="SiteMap (Url)" to="GIDesign (Name)" type="WeakByUrl" linkname="toDesignByName" baseurl="~/GenericInquiry/GenericInquiry.aspx" />
                <link from="ListEntryPoint (ListScreenID)" to="SiteMap (ScreenID)" />
                <link from="SiteMap (ScreenID)" to="GIDesign (PrimaryScreenIDNew)" linkname="to1Screen" />
                <link from="FilterHeader (ScreenID)" to="SiteMap (ScreenID)" />
                <link from="FilterRow (FilterID)" to="FilterHeader (FilterID)" />
                <link from="PivotTable (NoteID)" to="FilterHeader (RefNoteID)" />
                <link from="PivotField (ScreenID, PivotTableID)" to="PivotTable (ScreenID, PivotTableID)" />
                <link from="MUIScreen (NodeID)" to="SiteMap (NodeID)" />
                <link from="MUIWorkspace (WorkspaceID)" to="MUIScreen (WorkspaceID)" type="FromMaster" linkname="workspaceToScreen" split-location="yes" updateable="True" />
                <link from="MUISubcategory (SubcategoryID)" to="MUIScreen (SubcategoryID)" type="FromMaster" updateable="True" />
                <link from="MUITile (ScreenID)" to="SiteMap (ScreenID)" />
                <link from="MUIWorkspace (WorkspaceID)" to="MUITile (WorkspaceID)" type="FromMaster" linkname="workspaceToTile" split-location="yes" updateable="True" />
                <link from="MUIArea (AreaID)" to="MUIWorkspace (AreaID)" type="FromMaster" updateable="True" />
                <link from="MUIPinnedScreen (NodeID, WorkspaceID)" to="MUIScreen (NodeID, WorkspaceID)" type="WeakIfEmpty" isEmpty="Username" />
                <link from="MUIFavoriteWorkspace (WorkspaceID)" to="MUIWorkspace (WorkspaceID)" type="WeakIfEmpty" isEmpty="Username" />
                <link from="GIDesign (NoteID)" to="Note (NoteID)" type="Note" />
                <link from="GIFilter (NoteID)" to="Note (NoteID)" type="Note" />
                <link from="GIFilter (NoteID)" to="GIFilterKvExt (RecordID)" type="RowKvExt" />
                <link from="GIGroupBy (NoteID)" to="Note (NoteID)" type="Note" />
                <link from="GIOn (NoteID)" to="Note (NoteID)" type="Note" />
                <link from="GIRelation (NoteID)" to="Note (NoteID)" type="Note" />
                <link from="GIResult (NoteID)" to="Note (NoteID)" type="Note" />
                <link from="GIResult (NoteID)" to="GIResultKvExt (RecordID)" type="RowKvExt" />
                <link from="GISort (NoteID)" to="Note (NoteID)" type="Note" />
                <link from="GITable (NoteID)" to="Note (NoteID)" type="Note" />
                <link from="GIWhere (NoteID)" to="Note (NoteID)" type="Note" />
                <link from="FilterHeader (NoteID)" to="Note (NoteID)" type="Note" />
                <link from="FilterHeader (NoteID)" to="FilterHeaderKvExt (RecordID)" type="RowKvExt" />
            </relations>
            <layout>
                <table name="GIDesign">
                    <table name="GIFilter" uplink="(DesignID) = (DesignID)">
                        <table name="Note" uplink="(NoteID) = (NoteID)" />
                        <table name="GIFilterKvExt" uplink="(NoteID) = (RecordID)" />
                    </table>
                    <table name="GIGroupBy" uplink="(DesignID) = (DesignID)">
                        <table name="Note" uplink="(NoteID) = (NoteID)" />
                    </table>
                    <table name="GIMassAction" uplink="(DesignID) = (DesignID)" />
                    <table name="GIMassUpdateField" uplink="(DesignID) = (DesignID)" />
                    <table name="GINavigationScreen" uplink="(DesignID) = (DesignID)">
                        <table name="GINavigationParameter" uplink="(DesignID, LineNbr) = (DesignID, NavigationScreenLineNbr)" />
                        <table name="GINavigationCondition" uplink="(DesignID, LineNbr) = (DesignID, NavigationScreenLineNbr)" />
                    </table>
                    <table name="GIRecordDefault" uplink="(DesignID) = (DesignID)" />
                    <table name="GISort" uplink="(DesignID) = (DesignID)">
                        <table name="Note" uplink="(NoteID) = (NoteID)" />
                    </table>
                    <table name="GITable" uplink="(DesignID) = (DesignID)">
                        <table name="GIRelation" uplink="(DesignID, Alias) = (DesignID, ParentTable)">
                            <table name="GIOn" uplink="(DesignID, LineNbr) = (DesignID, RelationNbr)">
                                <table name="Note" uplink="(NoteID) = (NoteID)" />
                            </table>
                            <table name="Note" uplink="(NoteID) = (NoteID)" />
                        </table>
                        <table name="GIResult" uplink="(Alias, DesignID) = (ObjectName, DesignID)">
                            <table name="Note" uplink="(NoteID) = (NoteID)" />
                            <table name="GIResultKvExt" uplink="(NoteID) = (RecordID)" />
                        </table>
                        <table name="Note" uplink="(NoteID) = (NoteID)" />
                    </table>
                    <table name="GIWhere" uplink="(DesignID) = (DesignID)">
                        <table name="Note" uplink="(NoteID) = (NoteID)" />
                    </table>
                    <table name="SiteMap" uplink="(DesignID) = (Url)" linkname="toDesignById">
                        <table name="ListEntryPoint" uplink="(ScreenID) = (ListScreenID)" />
                        <table name="FilterHeader" uplink="(ScreenID) = (ScreenID)">
                            <table name="FilterRow" uplink="(FilterID) = (FilterID)" />
                            <table name="PivotTable" uplink="(RefNoteID) = (NoteID)">
                                <table name="PivotField" uplink="(ScreenID, PivotTableID) = (ScreenID, PivotTableID)" />
                            </table>
                            <table name="Note" uplink="(NoteID) = (NoteID)" />
                            <table name="FilterHeaderKvExt" uplink="(NoteID) = (RecordID)" />
                        </table>
                        <table name="MUIScreen" uplink="(NodeID) = (NodeID)">
                            <table name="MUIPinnedScreen" uplink="(NodeID, WorkspaceID) = (NodeID, WorkspaceID)" />
                        </table>
                        <table name="MUITile" uplink="(ScreenID) = (ScreenID)" />
                    </table>
                    <table name="SiteMap" uplink="(Name) = (Url)" linkname="toDesignByName">
                        <table name="ListEntryPoint" uplink="(ScreenID) = (ListScreenID)" />
                        <table name="FilterHeader" uplink="(ScreenID) = (ScreenID)">
                            <table name="FilterRow" uplink="(FilterID) = (FilterID)" />
                            <table name="PivotTable" uplink="(RefNoteID) = (NoteID)">
                                <table name="PivotField" uplink="(ScreenID, PivotTableID) = (ScreenID, PivotTableID)" />
                            </table>
                            <table name="Note" uplink="(NoteID) = (NoteID)" />
                            <table name="FilterHeaderKvExt" uplink="(NoteID) = (RecordID)" />
                        </table>
                        <table name="MUIScreen" uplink="(NodeID) = (NodeID)">
                            <table name="MUIPinnedScreen" uplink="(NodeID, WorkspaceID) = (NodeID, WorkspaceID)" />
                        </table>
                        <table name="MUITile" uplink="(ScreenID) = (ScreenID)" />
                    </table>
                    <table name="SiteMap" uplink="(PrimaryScreenIDNew) = (ScreenID)" linkname="to1Screen">
                        <table name="ListEntryPoint" uplink="(ScreenID) = (ListScreenID)" />
                        <table name="FilterHeader" uplink="(ScreenID) = (ScreenID)">
                            <table name="FilterRow" uplink="(FilterID) = (FilterID)" />
                            <table name="PivotTable" uplink="(RefNoteID) = (NoteID)">
                                <table name="PivotField" uplink="(ScreenID, PivotTableID) = (ScreenID, PivotTableID)" />
                            </table>
                            <table name="Note" uplink="(NoteID) = (NoteID)" />
                            <table name="FilterHeaderKvExt" uplink="(NoteID) = (RecordID)" />
                        </table>
                        <table name="MUIScreen" uplink="(NodeID) = (NodeID)">
                            <table name="MUIPinnedScreen" uplink="(NodeID, WorkspaceID) = (NodeID, WorkspaceID)" />
                        </table>
                        <table name="MUITile" uplink="(ScreenID) = (ScreenID)" />
                    </table>
                    <table name="Note" uplink="(NoteID) = (NoteID)" />
                </table>
                <table name="MUIWorkspace">
                    <table name="MUIFavoriteWorkspace" uplink="(WorkspaceID) = (WorkspaceID)" />
                </table>
                <table name="MUISubcategory" />
                <table name="MUIArea" />
            </layout>
            <data>
                <GIDesign>
                    <row DesignID="d697cb35-937c-44cd-8477-f4166b54a1e6" Name="IGCM_Containers" FilterColCount="3" PageSize="0" ExportTop="0" PrimaryScreenIDNew="IGCM3098" NewRecordCreationEnabled="1" MassDeleteEnabled="0" AutoConfirmDelete="0" MassRecordsUpdateEnabled="0" MassActionsOnRecordsEnabled="0" ExposeViaOData="0" ExposeViaMobile="0" ShowDeletedRecords="0" ShowArchivedRecords="0">
                        <GIGroupBy LineNbr="1" IsActive="1" DataFieldName="Containers.landedCostNbr" />
                        <GINavigationScreen Link="IGCM3098" LineNbr="1" SortOrder="1" WindowMode="I" IsActive="1" NoteID="7d0d8294-3023-4c8b-86da-14a19300d75b">
                            <GINavigationParameter LineNbr="1" FieldName="LandedCostNbr" ParameterName="Containers.LandedCostNbr" IsExpression="0" />
                        </GINavigationScreen>
                        <GISort LineNbr="1" IsActive="1" DataFieldName="Containers.landedCostNbr" SortOrder="D" />
                        <GITable Alias="IGCMPOLandedCostLine" Name="IGCM.DAC.IGCMPOLandedCostLine">
                            <GIResult LineNbr="10" SortOrder="10" IsActive="1" Field="siteID" IsVisible="1" DefaultNav="1" QuickFilter="0" FastFilter="0" RowID="67385c03-1625-495d-9086-4c4c94c60194" />
                        </GITable>
                        <GITable Alias="Containers" Name="IGCM.DAC.IGCMPOLandedCost">
                            <GIRelation LineNbr="1" ChildTable="IGCMPOLandedCostLine" IsActive="1" JoinType="L">
                                <GIOn LineNbr="1" ParentField="landedCostNbr" Condition="E" ChildField="landedCostNbr" Operation="A" />
                            </GIRelation>
                            <GIResult LineNbr="9" SortOrder="9" IsActive="1" Field="vendorID" IsVisible="1" DefaultNav="1" QuickFilter="0" FastFilter="0" RowID="bac45464-dafb-4444-a6c0-b618adfe7e94" />
                            <GIResult LineNbr="8" SortOrder="8" IsActive="1" Field="totalAmount" Width="80" IsVisible="1" DefaultNav="1" AggregateFunction="MAX" QuickFilter="0" FastFilter="1" RowID="8afc1d3b-d792-41db-912b-e9b76427ded6" />
                            <GIResult LineNbr="7" SortOrder="7" IsActive="1" Field="expectedArrivalDate" Width="100" IsVisible="1" DefaultNav="1" QuickFilter="0" FastFilter="0" RowID="f62d3cba-af1c-482b-af4f-41ceefb9b012" />
                            <GIResult LineNbr="6" SortOrder="6" IsActive="1" Field="expectedDepartureDate" Width="100" IsVisible="1" DefaultNav="1" QuickFilter="0" FastFilter="0" RowID="34fa6bba-3e12-4a71-b82b-5955fea040fb" />
                            <GIResult LineNbr="5" SortOrder="5" IsActive="1" Field="containerStatusID" Width="100" IsVisible="1" DefaultNav="1" QuickFilter="0" FastFilter="1" RowID="29651c84-3466-423c-93cb-88922cce5e6e" />
                            <GIResult LineNbr="4" SortOrder="4" IsActive="1" Field="containerNbr" Width="100" IsVisible="1" DefaultNav="1" QuickFilter="0" FastFilter="1" RowID="73fa7850-87d3-40aa-a867-d6db6bc35025" />
                            <GIResult LineNbr="3" SortOrder="3" IsActive="1" Field="status" Width="100" IsVisible="1" DefaultNav="1" QuickFilter="0" FastFilter="1" RowID="181c4190-b96c-4dcb-b2bb-2a17f3dcdc4f" />
                            <GIResult LineNbr="2" SortOrder="2" IsActive="1" Field="landedCostDate" Width="100" IsVisible="1" DefaultNav="1" QuickFilter="0" FastFilter="0" RowID="ff101617-115b-45c2-8afd-74bace9779d8" />
                            <GIResult LineNbr="1" SortOrder="1" IsActive="1" Field="landedCostNbr" Width="100" IsVisible="1" DefaultNav="0" NavigationNbr="1" QuickFilter="0" FastFilter="1" RowID="087fdc7b-0f0c-441f-916a-d2d66584d60c" />
                        </GITable>
                        <SiteMap linkname="toDesignById">
                            <row Position="0" Title="PO Containers" Url="~/genericinquiry/genericinquiry.aspx?id=d697cb35-937c-44cd-8477-f4166b54a1e6" ScreenID="IGCM0102" NodeID="09b758ca-0352-42ff-a670-7458bf15080b" ParentID="12167736-ae7e-46ab-8a8c-dd4b86217519">
                                <ListEntryPoint EntryScreenID="IGCM3098" IsActive="1" />
                                <MUIScreen IsPortal="0" WorkspaceID="bbbbbbbb-bbbb-bbbb-bbbb-bbbbbbbbbbbb" Order="2050" SubcategoryID="98e86774-69e3-41ea-b94f-eb2c7a8426d4">
                                    <MUIPinnedScreen IsPortal="0" Username="" IsPinned="1" />
                                </MUIScreen>
                            </row>
                        </SiteMap>
                        <SiteMap linkname="to1Screen">
                            <row Position="6.998046875" Title="PO Containers" Url="~/Pages/IGCM/IGCM3098.aspx" NodeID="fa8c0ec4-e984-48cc-8021-91c9548a5c16" ParentID="9c89e3db-7c47-43c0-8554-5d2c9f2c0e87">
                                <MUIScreen IsPortal="0" WorkspaceID="95191203-a0b8-4fc0-8b20-4efe831708e9" Order="5" SubcategoryID="38d13a6e-3076-42fb-9fce-62fa33897da6">
                                    <MUIPinnedScreen IsPortal="0" Username="" IsPinned="1" />
                                </MUIScreen>
                                <MUITile IsPortal="0" TileID="3ac959da-2472-41fe-89e1-8772ca29a473" WorkspaceID="95191203-a0b8-4fc0-8b20-4efe831708e9" Order="10" Title="New Container" Icon="pen_frame" Parameters="" />
                            </row>
                        </SiteMap>
                    </row>
                </GIDesign>
                <MUIWorkspace>
                    <row IsPortal="1" WorkspaceID="bbbbbbbb-bbbb-bbbb-bbbb-bbbbbbbbbbbb" Order="5" Title="Data Views" Icon="poll" IsSystem="1" />
                    <row IsPortal="0" WorkspaceID="bbbbbbbb-bbbb-bbbb-bbbb-bbbbbbbbbbbb" Order="32" Title="Data Views" Icon="poll" IsSystem="1" />
                    <row IsPortal="0" WorkspaceID="95191203-a0b8-4fc0-8b20-4efe831708e9" Order="230" Title="Container Tracking" Icon="directions_car" AreaID="62cfd5dc-8eb9-4e92-bbcd-e0a99eb5e5df" IsSystem="0">
                        <MUIFavoriteWorkspace IsPortal="0" Username="" IsFavorite="1" />
                    </row>
                </MUIWorkspace>
                <MUISubcategory>
                    <row IsPortal="1" SubcategoryID="98e86774-69e3-41ea-b94f-eb2c7a8426d4" Order="896" Name="Inquiries" Icon="" IsSystem="1" />
                    <row IsPortal="0" SubcategoryID="98e86774-69e3-41ea-b94f-eb2c7a8426d4" Order="896" Name="Inquiries" Icon="" IsSystem="1" />
                    <row IsPortal="0" SubcategoryID="38d13a6e-3076-42fb-9fce-62fa33897da6" Order="64" Name="Transactions" Icon="" IsSystem="0" />
                </MUISubcategory>
                <MUIArea>
                    <row IsPortal="0" AreaID="62cfd5dc-8eb9-4e92-bbcd-e0a99eb5e5df" Order="20" Name="Operations" />
                </MUIArea>
            </data>
        </data-set>
    </GenericInquiryScreen>
</Customization>