<Customization level="" description="" product-version="23.107">
    <Graph ClassName="CBIZSalesOrdersSummaryView" Source="#CDATA" IsNew="True" FileType="NewDac">
        <CDATA name="Source"><![CDATA[using System;
using PX.Data;

namespace CBIZSalesOrdersSummaryView
{
  [Serializable]
  [PXCacheName("CBIZSalesOrdersSummaryView")]
  public class CBIZSalesOrdersSummaryView : IBqlTable
  {
    #region ShipmentDate
    [PXDBDate(IsKey = true)]
    [PXUIField(DisplayName = "Shipment Date")]
    public virtual DateTime? ShipmentDate { get; set; }
    public abstract class shipmentDate : PX.Data.BQL.BqlDateTime.Field<shipmentDate> { }
    #endregion

    #region NewOrderCount
    [PXDBInt()]
    [PXUIField(DisplayName = "New Order Count")]
    public virtual int? NewOrderCount { get; set; }
    public abstract class newOrderCount : PX.Data.BQL.BqlInt.Field<newOrderCount> { }
    #endregion

    #region OpenOrderTotal
    [PXDBDecimal()]
    [PXUIField(DisplayName = "Open Order Total")]
    public virtual Decimal? OpenOrderTotal { get; set; }
    public abstract class openOrderTotal : PX.Data.BQL.BqlDecimal.Field<openOrderTotal> { }
    #endregion

    #region NewOrderTotal
    [PXDBDecimal()]
    [PXUIField(DisplayName = "New Order Total")]
    public virtual Decimal? NewOrderTotal { get; set; }
    public abstract class newOrderTotal : PX.Data.BQL.BqlDecimal.Field<newOrderTotal> { }
    #endregion

    #region CancelledOrderTotal
    [PXDBDecimal()]
    [PXUIField(DisplayName = "Cancelled Order Total")]
    public virtual Decimal? CancelledOrderTotal { get; set; }
    public abstract class cancelledOrderTotal : PX.Data.BQL.BqlDecimal.Field<cancelledOrderTotal> { }
    #endregion
  }
}]]></CDATA>
    </Graph>
    <Sql TableName="CBIZSalesOrdersSummaryView" CustomScript="#CDATA">
        <CDATA name="CustomScript"><![CDATA[DROP VIEW If Exists [dbo].[CBIZSalesOrdersSummaryView]
GO


CREATE VIEW [dbo].[CBIZSalesOrdersSummaryView]
AS
select SO.CompanyID,
Cast(case when datename(dw,dateadd(day, -1, getdate())) = 'Sunday' then cast(dateadd(day, -3,getdate()) as date) else cast(dateadd(day, -1, getdate()) as date) end as datetime) as [ShipmentDate], 
Cast((select count(OrderNbr) from SOOrder NO where Cast(NO.CreatedDateTime as date) = case when datename(dw,dateadd(day, -1, getdate())) = 'Sunday' then cast(dateadd(day, -3,getdate()) as date) else cast(dateadd(day, -1, getdate()) as date) end 
and NO.OrderType <> 'QT' and NO.CompanyID = SO.CompanyID) as Int) as [NewOrderCount],
Cast(IsNull((select sum(CuryOpenOrderTotal) from SOOrder OO where Cast(OO.CreatedDateTime as date) <= case when datename(dw,dateadd(day, -1, getdate())) = 'Sunday' then cast(dateadd(day, -3,getdate()) as date) else cast(dateadd(day, -1, getdate()) as date) end
and OO.OrderType <> 'QT' and OO.OrderType <> 'RC' and OO.OrderType <> 'BL' and OO.Status <> 'C' and OO.CompanyID = SO.CompanyID),0) -
IsNull((select sum(CuryOpenOrderTotal) from SOOrder OO where Cast(OO.CreatedDateTime as date) <= case when datename(dw,dateadd(day, -1, getdate())) = 'Sunday' then cast(dateadd(day, -3,getdate()) as date) else cast(dateadd(day, -1, getdate()) as date) end
and OO.OrderType <> 'QT' and OO.OrderType = 'RC' and OO.Status <> 'C' and OO.CompanyID = SO.CompanyID),0)
as decimal(19,4)) as [OpenOrderTotal],
Cast(IsNull((select sum(CuryOpenOrderTotal) from SOOrder NT where Cast(NT.CreatedDateTime as date) = case when datename(dw,dateadd(day, -1, getdate())) = 'Sunday' then cast(dateadd(day, -3,getdate()) as date) else cast(dateadd(day, -1, getdate()) as date) end
and NT.OrderType <> 'QT' and NT.OrderType <> 'RC' and NT.OrderType <> 'BL' and NT.CompanyID = SO.CompanyID),0) -
IsNull((select sum(CuryOpenOrderTotal) from SOOrder NT where Cast(NT.CreatedDateTime as date) = case when datename(dw,dateadd(day, -1, getdate())) = 'Sunday' then cast(dateadd(day, -3,getdate()) as date) else cast(dateadd(day, -1, getdate()) as date) end
and NT.OrderType <> 'QT' and NT.OrderType = 'RC' and NT.CompanyID = SO.CompanyID),0)
as decimal(19,4)) as [NewOrderTotal],
Cast(IsNull((select sum(CuryOrderTotal) from SOORDER C where Cast(C.LastModifiedDateTime as date) = case when datename(dw,dateadd(day, -1, getdate())) = 'Sunday' then cast(dateadd(day, -3,getdate()) as date) else cast(dateadd(day, -1, getdate()) as date) end
and C.OrderType <> 'QT' and C.OrderType <> 'RC' and C.Status <> 'C' and C.Cancelled = 1 and C.CompanyID = SO.CompanyID),0) -
IsNull((select sum(CuryOrderTotal) from SOORDER C where Cast(C.LastModifiedDateTime as date) = case when datename(dw,dateadd(day, -1, getdate())) = 'Sunday' then cast(dateadd(day, -3,getdate()) as date) else cast(dateadd(day, -1, getdate()) as date) end
and C.OrderType <> 'QT' and C.OrderType = 'RC' and C.Status <> 'C' and C.Cancelled = 1 and C.CompanyID = SO.CompanyID),0)as decimal(19,4)) as [CancelledOrderTotal]
from SOOrder SO
group by SO.CompanyID



GO]]></CDATA>
    </Sql>
</Customization>