<Customization level="10000" description="View to reduce duplication in AMBOMCost for Inventory Report" product-version="24.210">
    <Graph ClassName="PRL_AMBOMCost_Single_Entry" Source="#CDATA" IsNew="True" FileType="NewDac">
        <CDATA name="Source"><![CDATA[using System;
using PX.Data;

namespace PRL.AMBOMCost_Single_Entry
{
  [Serializable]
  [PXCacheName("PRL_AMBOMCost_Single_Entry")]
  public class PRL_AMBOMCost_Single_Entry : PXBqlTable, IBqlTable
  {
    #region Bomid
    [PXDBString(15, IsUnicode = true, InputMask = "", IsKey = true)]
    [PXUIField(DisplayName = "Bomid")]
    public virtual string Bomid { get; set; }
    public abstract class bomid : PX.Data.BQL.BqlString.Field<bomid> { }
    #endregion

    #region RevisionID
    [PXDBString(10, IsUnicode = true, InputMask = "", IsKey = true)]
    [PXUIField(DisplayName = "Revision ID")]
    public virtual string RevisionID { get; set; }
    public abstract class revisionID : PX.Data.BQL.BqlString.Field<revisionID> { }
    #endregion

    #region Curyid
    [PXDBString(10, IsUnicode = true, InputMask = "")]
    [PXUIField(DisplayName = "Curyid")]
    public virtual string Curyid { get; set; }
    public abstract class curyid : PX.Data.BQL.BqlString.Field<curyid> { }
    #endregion

    #region MatlCost
    [PXDBDecimal()]
    [PXUIField(DisplayName = "Matl Cost")]
    public virtual Decimal? MatlCost { get; set; }
    public abstract class matlCost : PX.Data.BQL.BqlDecimal.Field<matlCost> { }
    #endregion

    #region FLaborCost
    [PXDBDecimal()]
    [PXUIField(DisplayName = "FLabor Cost")]
    public virtual Decimal? FLaborCost { get; set; }
    public abstract class fLaborCost : PX.Data.BQL.BqlDecimal.Field<fLaborCost> { }
    #endregion

    #region VLaborCost
    [PXDBDecimal()]
    [PXUIField(DisplayName = "VLabor Cost")]
    public virtual Decimal? VLaborCost { get; set; }
    public abstract class vLaborCost : PX.Data.BQL.BqlDecimal.Field<vLaborCost> { }
    #endregion

    #region MachCost
    [PXDBDecimal()]
    [PXUIField(DisplayName = "Mach Cost")]
    public virtual Decimal? MachCost { get; set; }
    public abstract class machCost : PX.Data.BQL.BqlDecimal.Field<machCost> { }
    #endregion

    #region OutsideCost
    [PXDBDecimal()]
    [PXUIField(DisplayName = "Outside Cost")]
    public virtual Decimal? OutsideCost { get; set; }
    public abstract class outsideCost : PX.Data.BQL.BqlDecimal.Field<outsideCost> { }
    #endregion

    #region DirectCost
    [PXDBDecimal()]
    [PXUIField(DisplayName = "Direct Cost")]
    public virtual Decimal? DirectCost { get; set; }
    public abstract class directCost : PX.Data.BQL.BqlDecimal.Field<directCost> { }
    #endregion

    #region FOvdCost
    [PXDBDecimal()]
    [PXUIField(DisplayName = "FOvd Cost")]
    public virtual Decimal? FOvdCost { get; set; }
    public abstract class fOvdCost : PX.Data.BQL.BqlDecimal.Field<fOvdCost> { }
    #endregion

    #region SubcontractMaterialCost
    [PXDBDecimal()]
    [PXUIField(DisplayName = "Subcontract Material Cost")]
    public virtual Decimal? SubcontractMaterialCost { get; set; }
    public abstract class subcontractMaterialCost : PX.Data.BQL.BqlDecimal.Field<subcontractMaterialCost> { }
    #endregion

    #region ReferenceMaterialCost
    [PXDBDecimal()]
    [PXUIField(DisplayName = "Reference Material Cost")]
    public virtual Decimal? ReferenceMaterialCost { get; set; }
    public abstract class referenceMaterialCost : PX.Data.BQL.BqlDecimal.Field<referenceMaterialCost> { }
    #endregion

    #region InventoryID
    [PXDBInt()]
    [PXUIField(DisplayName = "Inventory ID")]
    public virtual int? InventoryID { get; set; }
    public abstract class inventoryID : PX.Data.BQL.BqlInt.Field<inventoryID> { }
    #endregion

    #region SubItemID
    [PXDBInt()]
    [PXUIField(DisplayName = "Sub Item ID")]
    public virtual int? SubItemID { get; set; }
    public abstract class subItemID : PX.Data.BQL.BqlInt.Field<subItemID> { }
    #endregion

    #region Siteid
    [PXDBInt()]
    [PXUIField(DisplayName = "Siteid")]
    public virtual int? Siteid { get; set; }
    public abstract class siteid : PX.Data.BQL.BqlInt.Field<siteid> { }
    #endregion

    #region UnitCost
    [PXDBDecimal()]
    [PXUIField(DisplayName = "Unit Cost")]
    public virtual Decimal? UnitCost { get; set; }
    public abstract class unitCost : PX.Data.BQL.BqlDecimal.Field<unitCost> { }
    #endregion

    #region VOvdCost
    [PXDBDecimal()]
    [PXUIField(DisplayName = "VOvd Cost")]
    public virtual Decimal? VOvdCost { get; set; }
    public abstract class vOvdCost : PX.Data.BQL.BqlDecimal.Field<vOvdCost> { }
    #endregion

    #region Userid
    [PXDBGuid()]
    [PXUIField(DisplayName = "Userid")]
    public virtual Guid? Userid { get; set; }
    public abstract class userid : PX.Data.BQL.BqlGuid.Field<userid> { }
    #endregion

    #region Tstamp
    [PXDBTimestamp()]
    [PXUIField(DisplayName = "Tstamp")]
    public virtual byte[] Tstamp { get; set; }
    public abstract class tstamp : PX.Data.BQL.BqlByteArray.Field<tstamp> { }
    #endregion

    #region ToolCost
    [PXDBDecimal()]
    [PXUIField(DisplayName = "Tool Cost")]
    public virtual Decimal? ToolCost { get; set; }
    public abstract class toolCost : PX.Data.BQL.BqlDecimal.Field<toolCost> { }
    #endregion

    #region TotalCost
    [PXDBDecimal()]
    [PXUIField(DisplayName = "Total Cost")]
    public virtual Decimal? TotalCost { get; set; }
    public abstract class totalCost : PX.Data.BQL.BqlDecimal.Field<totalCost> { }
    #endregion

    #region LotSize
    [PXDBDecimal()]
    [PXUIField(DisplayName = "Lot Size")]
    public virtual Decimal? LotSize { get; set; }
    public abstract class lotSize : PX.Data.BQL.BqlDecimal.Field<lotSize> { }
    #endregion

    #region MultiLevelProcess
    [PXDBBool()]
    [PXUIField(DisplayName = "Multi Level Process")]
    public virtual bool? MultiLevelProcess { get; set; }
    public abstract class multiLevelProcess : PX.Data.BQL.BqlBool.Field<multiLevelProcess> { }
    #endregion

    #region Level
    [PXDBInt()]
    [PXUIField(DisplayName = "Level")]
    public virtual int? Level { get; set; }
    public abstract class level : PX.Data.BQL.BqlInt.Field<level> { }
    #endregion

    #region IsDefaultBom
    [PXDBBool()]
    [PXUIField(DisplayName = "Is Default Bom")]
    public virtual bool? IsDefaultBom { get; set; }
    public abstract class isDefaultBom : PX.Data.BQL.BqlBool.Field<isDefaultBom> { }
    #endregion

    #region CreatedDateTime
    [PXDBCreatedDateTime()]
    public virtual DateTime? CreatedDateTime { get; set; }
    public abstract class createdDateTime : PX.Data.BQL.BqlDateTime.Field<createdDateTime> { }
    #endregion

    #region CreatedByScreenID
    [PXDBCreatedByScreenID()]
    public virtual string CreatedByScreenID { get; set; }
    public abstract class createdByScreenID : PX.Data.BQL.BqlString.Field<createdByScreenID> { }
    #endregion

    #region FixedLaborTime
    [PXDBInt()]
    [PXUIField(DisplayName = "Fixed Labor Time")]
    public virtual int? FixedLaborTime { get; set; }
    public abstract class fixedLaborTime : PX.Data.BQL.BqlInt.Field<fixedLaborTime> { }
    #endregion

    #region VariableLaborTime
    [PXDBInt()]
    [PXUIField(DisplayName = "Variable Labor Time")]
    public virtual int? VariableLaborTime { get; set; }
    public abstract class variableLaborTime : PX.Data.BQL.BqlInt.Field<variableLaborTime> { }
    #endregion

    #region MachineTime
    [PXDBInt()]
    [PXUIField(DisplayName = "Machine Time")]
    public virtual int? MachineTime { get; set; }
    public abstract class machineTime : PX.Data.BQL.BqlInt.Field<machineTime> { }
    #endregion

    #region MatlManufacturedCost
    [PXDBDecimal()]
    [PXUIField(DisplayName = "Matl Manufactured Cost")]
    public virtual Decimal? MatlManufacturedCost { get; set; }
    public abstract class matlManufacturedCost : PX.Data.BQL.BqlDecimal.Field<matlManufacturedCost> { }
    #endregion

    #region MatlNonManufacturedCost
    [PXDBDecimal()]
    [PXUIField(DisplayName = "Matl Non Manufactured Cost")]
    public virtual Decimal? MatlNonManufacturedCost { get; set; }
    public abstract class matlNonManufacturedCost : PX.Data.BQL.BqlDecimal.Field<matlNonManufacturedCost> { }
    #endregion

    #region ItemClassID
    [PXDBInt()]
    [PXUIField(DisplayName = "Item Class ID")]
    public virtual int? ItemClassID { get; set; }
    public abstract class itemClassID : PX.Data.BQL.BqlInt.Field<itemClassID> { }
    #endregion

    #region StdCost
    [PXDBDecimal()]
    [PXUIField(DisplayName = "Std Cost")]
    public virtual Decimal? StdCost { get; set; }
    public abstract class stdCost : PX.Data.BQL.BqlDecimal.Field<stdCost> { }
    #endregion

    #region PendingStdCost
    [PXDBDecimal()]
    [PXUIField(DisplayName = "Pending Std Cost")]
    public virtual Decimal? PendingStdCost { get; set; }
    public abstract class pendingStdCost : PX.Data.BQL.BqlDecimal.Field<pendingStdCost> { }
    #endregion
  }
}]]></CDATA>
    </Graph>
    <Sql TableName="AMBom_Cost_Single_EntryCreate" CustomScript="#CDATA">
        <CDATA name="CustomScript"><![CDATA[CREATE OR ALTER   view [dbo].[PRL_AMBOMCost_Single_Entry] as 
select [CompanyID]
      ,[BOMID]
      ,[RevisionID]
      ,[CuryID]
      ,[MatlCost]
      ,[FLaborCost]
      ,[VLaborCost]
      ,[MachCost]
      ,[OutsideCost]
      ,[DirectCost]
      ,[FOvdCost]
      ,[SubcontractMaterialCost]
      ,[ReferenceMaterialCost]
      ,[InventoryID]
      ,[SubItemID]
      ,[SiteID]
      ,[UnitCost]
      ,[VOvdCost]
      ,[UserID]
      ,[tstamp]
      ,[ToolCost]
      ,[TotalCost]
      ,[LotSize]
      ,[MultiLevelProcess]
      ,[Level]
      ,[IsDefaultBom]
      ,[CreatedDateTime]
      ,[CreatedByScreenID]
      ,[FixedLaborTime]
      ,[VariableLaborTime]
      ,[MachineTime]
      ,[MatlManufacturedCost]
      ,[MatlNonManufacturedCost]
      ,[ItemClassID]
      ,[StdCost]
      ,[PendingStdCost]
  FROM [dbo].[AMBomCost] A
  where a.createddatetime = (select max(b.createddatetime) from AMBomCost B where a.companyID = B.CompanyID and a.bomid = b.bomid and a.revisionID = B.revisionID and a.inventoryID = b.inventoryID)
GO]]></CDATA>
    </Sql>
</Customization>