<Customization level="113" description="" product-version="24.210">
    <Sql TableName="IGCMPOLandedCostFieldsPrefixChange" SqlScriptPriority="100" CustomScript="#CDATA">
        <CDATA name="CustomScript"><![CDATA[GO

UPDATE [dbo].[IGCMPOLandedCost]
   SET [UsrIGCMCargoReadyDate] = [UsrIGTBCargoReadyDate]
      ,[UsrIGCMContainerLoadingDate] = [UsrIGTBContainerLoadingDate]
      ,[UsrIGCMFactoryPickupDate] = [UsrIGTBFactoryPickupDate]
      ,[UsrIGCMExpCustomsClearanceDate] = [UsrIGTBExpCustomsClearanceDate]
      ,[UsrIGCMOnBoardDate] = [UsrIGTBOnBoardDate]
      ,[UsrIGCMFinalDeliveryDate] = [UsrIGTBFinalDeliveryDate]
      ,[UsrIGCMBillOfLadingNumber] = [UsrIGTBBillOfLadingNumber]
      ,[UsrIGCMFreightForwarderID] = [UsrIGTBFreightForwarderID]
WHERE LandedCostNbr is not null
GO]]></CDATA>
    </Sql>
    <Sql TableName="IGCMPOLandedCostLineFieldsPrefixChange" SqlScriptPriority="100" CustomScript="#CDATA">
        <CDATA name="CustomScript"><![CDATA[GO

UPDATE [dbo].[IGCMPOLandedCostLine]
   SET [UsrIGCMInvoiceNbr] = [UsrIGTBInvoiceNbr]
WHERE LandedCostNbr is not null
GO]]></CDATA>
    </Sql>
    <Sql TableName="InsertFreightForwarderData" SqlScriptPriority="100" CustomScript="#CDATA">
        <CDATA name="CustomScript"><![CDATA[IF((SELECT count(*) FROM IGCMFreightForwarder)=0)
BEGIN
INSERT INTO [IGCMFreightForwarder]
           ([CompanyID]
           ,[FreightForwarderID]
           ,[URL]
           ,[CreatedByID]
           ,[CreatedByScreenID]
           ,[CreatedDateTime]
           ,[LastModifiedByID]
           ,[LastModifiedByScreenID]
           ,[LastModifiedDateTime]
           ,[NoteID]
           ,[ShippingVessel])
     Select 
	 [CompanyID]
           ,[FreightForwarderID]
           ,[URL]
           ,[CreatedByID]
           ,[CreatedByScreenID]
           ,[CreatedDateTime]
           ,[LastModifiedByID]
           ,[LastModifiedByScreenID]
           ,[LastModifiedDateTime]
           ,[NoteID]
           ,[ShippingVessel]
		   from [IGTBFreightForwarder]

END
GO]]></CDATA>
    </Sql>
</Customization>