<Customization level="10000" description="View to help in cost reporting based on the AIS overhead Customization.  AIS needs to be deployed first" product-version="23.107">
    <Graph ClassName="PRLAISOvrHeadValue" Source="#CDATA" IsNew="True" FileType="NewDac">
        <CDATA name="Source"><![CDATA[using System;
using PX.Data;

namespace PRL.AISOverheadView
{
  [Serializable]
  [PXCacheName("PRLAISOvrHeadValue")]
  public class PRLAISOvrHeadValue : IBqlTable
  {
    #region OverheadID
    [PXDBInt()]
    [PXUIField(DisplayName = "OverheadID")]
    public virtual int? OverheadID { get; set; }
    public abstract class overheadID : PX.Data.BQL.BqlInt.Field<overheadID> { }
    #endregion

    #region OverheadCD
    [PXDBString(50, IsUnicode = true, InputMask = "")]
    [PXUIField(DisplayName = "OverheadCD")]
    public virtual string OverheadCD { get; set; }
    public abstract class overheadCD : PX.Data.BQL.BqlString.Field<overheadCD> { }
    #endregion

    #region Descr
    [PXDBString(256, IsUnicode = true, InputMask = "")]
    [PXUIField(DisplayName = "Descr")]
    public virtual string Descr { get; set; }
    public abstract class descr : PX.Data.BQL.BqlString.Field<descr> { }
    #endregion

    #region OverHead
    [PXDBDecimal()]
    [PXUIField(DisplayName = "OverHead")]
    public virtual Decimal? OverHead { get; set; }
    public abstract class overHead : PX.Data.BQL.BqlDecimal.Field<overHead> { }
    #endregion

    #region Freight
    [PXDBDecimal()]
    [PXUIField(DisplayName = "Freight")]
    public virtual Decimal? Freight { get; set; }
    public abstract class freight : PX.Data.BQL.BqlDecimal.Field<freight> { }
    #endregion

    #region Tariff
    [PXDBDecimal()]
    [PXUIField(DisplayName = "Tariff")]
    public virtual Decimal? Tariff { get; set; }
    public abstract class tariff : PX.Data.BQL.BqlDecimal.Field<tariff> { }
    #endregion
  }
}]]></CDATA>
    </Graph>
    <Graph ClassName="PRLOverheadByPart" Source="#CDATA" IsNew="True" FileType="NewDac">
        <CDATA name="Source"><![CDATA[using System;
using PX.Data;

namespace PRL.AISOverheadView
{
  [Serializable]
  [PXCacheName("PRLOverheadByPart")]
  public class PRLOverheadByPart : IBqlTable
  {
    #region InventoryCD
    [PXDBString(30, IsUnicode = true, InputMask = "")]
    [PXUIField(DisplayName = "InventoryCD")]
    public virtual string InventoryCD { get; set; }
    public abstract class inventoryCD : PX.Data.BQL.BqlString.Field<inventoryCD> { }
    #endregion

    #region UsrAISOverheadID
    [PXDBInt()]
    [PXUIField(DisplayName = "Usr AISOverheadID")]
    public virtual int? UsrAISOverheadID { get; set; }
    public abstract class usrAISOverheadID : PX.Data.BQL.BqlInt.Field<usrAISOverheadID> { }
    #endregion

    #region OverheadCD
    [PXDBString(50, IsUnicode = true, InputMask = "")]
    [PXUIField(DisplayName = "OverheadCD")]
    public virtual string OverheadCD { get; set; }
    public abstract class overheadCD : PX.Data.BQL.BqlString.Field<overheadCD> { }
    #endregion
  }
}]]></CDATA>
    </Graph>
    <Graph ClassName="PRLOverheadCalculatedValuesByPart" Source="#CDATA" IsNew="True" FileType="NewDac">
        <CDATA name="Source"><![CDATA[using System;
using PX.Data;

namespace PRL.AISOverheadView
{
	[Serializable]
	[PXCacheName("PRLOverheadCalculatedValuesByPart")]
	public class PRLOverheadCalculatedValuesByPart : IBqlTable
	{
		#region InventoryCD
		[PXDBString(30, IsUnicode = true, InputMask = "")]
		[PXUIField(DisplayName = "Inventory CD")]
		public virtual string InventoryCD { get; set; }
		public abstract class inventoryCD : PX.Data.BQL.BqlString.Field<inventoryCD> { }
		#endregion

		#region UsrAISMaterialCost
		[PXDBDecimal()]
		[PXUIField(DisplayName = "Usr AISMaterial Cost")]
		public virtual Decimal? UsrAISMaterialCost { get; set; }
		public abstract class usrAISMaterialCost : PX.Data.BQL.BqlDecimal.Field<usrAISMaterialCost> { }
		#endregion

		#region OverheadCD
		[PXDBString(50, IsUnicode = true, InputMask = "")]
		[PXUIField(DisplayName = "Overhead CD")]
		public virtual string OverheadCD { get; set; }
		public abstract class overheadCD : PX.Data.BQL.BqlString.Field<overheadCD> { }
		#endregion

		#region OverheadCalc
		[PXDBString(5, IsFixed = true, InputMask = "")]
		[PXUIField(DisplayName = "Overhead Calc")]
		public virtual string OverheadCalc { get; set; }
		public abstract class overheadCalc : PX.Data.BQL.BqlString.Field<overheadCalc> { }
		#endregion

		#region OverheadValue
		[PXDBDecimal()]
		[PXUIField(DisplayName = "Overhead Value")]
		public virtual Decimal? OverheadValue { get; set; }
		public abstract class overheadValue : PX.Data.BQL.BqlDecimal.Field<overheadValue> { }
		#endregion

		#region TariffCalc
		[PXDBString(5, IsFixed = true, InputMask = "")]
		[PXUIField(DisplayName = "Tariff Calc")]
		public virtual string TariffCalc { get; set; }
		public abstract class tariffCalc : PX.Data.BQL.BqlString.Field<tariffCalc> { }
		#endregion

		#region TariffValue
		[PXDBDecimal()]
		[PXUIField(DisplayName = "Tariff Value")]
		public virtual Decimal? TariffValue { get; set; }
		public abstract class tariffValue : PX.Data.BQL.BqlDecimal.Field<tariffValue> { }
		#endregion

		#region FreightCalc
		[PXDBString(5, IsFixed = true, InputMask = "")]
		[PXUIField(DisplayName = "Freight Calc")]
		public virtual string FreightCalc { get; set; }
		public abstract class freightCalc : PX.Data.BQL.BqlString.Field<freightCalc> { }
		#endregion

		#region FreightValue
		[PXDBDecimal()]
		[PXUIField(DisplayName = "Freight Value")]
		public virtual Decimal? FreightValue { get; set; }
		public abstract class freightValue : PX.Data.BQL.BqlDecimal.Field<freightValue> { }
		#endregion

		#region OverheadCalculatedValue
		[PXDBDecimal()]
		[PXUIField(DisplayName = "Overhead Calculated Value")]
		public virtual Decimal? OverheadCalculatedValue { get; set; }
		public abstract class overheadCalculatedValue : PX.Data.BQL.BqlDecimal.Field<overheadCalculatedValue> { }
		#endregion

		#region TariffCalculatedValue
		[PXDBDecimal()]
		[PXUIField(DisplayName = "Tariff Calculated Value")]
		public virtual Decimal? TariffCalculatedValue { get; set; }
		public abstract class tariffCalculatedValue : PX.Data.BQL.BqlDecimal.Field<tariffCalculatedValue> { }
		#endregion

		#region FreightCalculatedValue
		[PXDBDecimal()]
		[PXUIField(DisplayName = "Freight Calculated Value")]
		public virtual Decimal? FreightCalculatedValue { get; set; }
		public abstract class freightCalculatedValue : PX.Data.BQL.BqlDecimal.Field<freightCalculatedValue> { }
		#endregion
	}
}]]></CDATA>
    </Graph>
    <Graph ClassName="PRLOverheadValuesByPart" Source="#CDATA" IsNew="True" FileType="NewDac">
        <CDATA name="Source"><![CDATA[using System;
using PX.Data;

namespace PRL.AISOverheadView
{
	[Serializable]
	[PXCacheName("PRLOverheadValuesByPart")]
	public class PRLOverheadValuesByPart : IBqlTable
	{
		#region InventoryCD
		[PXDBString(30, IsUnicode = true, InputMask = "")]
		[PXUIField(DisplayName = "Inventory CD")]
		public virtual string InventoryCD { get; set; }
		public abstract class inventoryCD : PX.Data.BQL.BqlString.Field<inventoryCD> { }
		#endregion

		#region UsrAISMaterialCost
		[PXDBDecimal()]
		[PXUIField(DisplayName = "Usr AISMaterial Cost")]
		public virtual Decimal? UsrAISMaterialCost { get; set; }
		public abstract class usrAISMaterialCost : PX.Data.BQL.BqlDecimal.Field<usrAISMaterialCost> { }
		#endregion

		#region OverheadCD
		[PXDBString(50, IsUnicode = true, InputMask = "")]
		[PXUIField(DisplayName = "Overhead CD")]
		public virtual string OverheadCD { get; set; }
		public abstract class overheadCD : PX.Data.BQL.BqlString.Field<overheadCD> { }
		#endregion

		#region OverheadCalc
		[PXDBString(5, IsFixed = true, InputMask = "")]
		[PXUIField(DisplayName = "Overhead Calc")]
		public virtual string OverheadCalc { get; set; }
		public abstract class overheadCalc : PX.Data.BQL.BqlString.Field<overheadCalc> { }
		#endregion

		#region OverheadValue
		[PXDBDecimal()]
		[PXUIField(DisplayName = "Overhead Value")]
		public virtual Decimal? OverheadValue { get; set; }
		public abstract class overheadValue : PX.Data.BQL.BqlDecimal.Field<overheadValue> { }
		#endregion

		#region TariffCalc
		[PXDBString(5, IsFixed = true, InputMask = "")]
		[PXUIField(DisplayName = "Tariff Calc")]
		public virtual string TariffCalc { get; set; }
		public abstract class tariffCalc : PX.Data.BQL.BqlString.Field<tariffCalc> { }
		#endregion

		#region TariffValue
		[PXDBDecimal()]
		[PXUIField(DisplayName = "Tariff Value")]
		public virtual Decimal? TariffValue { get; set; }
		public abstract class tariffValue : PX.Data.BQL.BqlDecimal.Field<tariffValue> { }
		#endregion

		#region FreightCalc
		[PXDBString(5, IsFixed = true, InputMask = "")]
		[PXUIField(DisplayName = "Freight Calc")]
		public virtual string FreightCalc { get; set; }
		public abstract class freightCalc : PX.Data.BQL.BqlString.Field<freightCalc> { }
		#endregion

		#region FreightValue
		[PXDBDecimal()]
		[PXUIField(DisplayName = "Freight Value")]
		public virtual Decimal? FreightValue { get; set; }
		public abstract class freightValue : PX.Data.BQL.BqlDecimal.Field<freightValue> { }
		#endregion
	}
}]]></CDATA>
    </Graph>
    <GenericInquiryScreen Description="Displays Base View of MDO Table">
        <data-set>
            <relations format-version="3" relations-version="20220627" main-table="GIDesign" stable-sharing="True" file-name="(Name)">
                <link from="GIFilter (DesignID)" to="GIDesign (DesignID)" />
                <link from="GIGroupBy (DesignID)" to="GIDesign (DesignID)" />
                <link from="GIMassAction (DesignID)" to="GIDesign (DesignID)" />
                <link from="GIMassUpdateField (DesignID)" to="GIDesign (DesignID)" />
                <link from="GINavigationScreen (DesignID)" to="GIDesign (DesignID)" />
                <link from="GINavigationParameter (DesignID, NavigationScreenLineNbr)" to="GINavigationScreen (DesignID, LineNbr)" />
                <link from="GINavigationCondition (DesignID, NavigationScreenLineNbr)" to="GINavigationScreen (DesignID, LineNbr)" />
                <link from="GIOn (DesignID, RelationNbr)" to="GIRelation (DesignID, LineNbr)" />
                <link from="GIRecordDefault (DesignID)" to="GIDesign (DesignID)" />
                <link from="GIRelation (DesignID, ParentTable)" to="GITable (DesignID, Alias)" />
                <link from="GIRelation (DesignID, ChildTable)" to="GITable (DesignID, Alias)" />
                <link from="GIResult (DesignID)" to="GIDesign (DesignID)" />
                <link from="GIResult (ObjectName, DesignID)" to="GITable (Alias, DesignID)" />
                <link from="GISort (DesignID)" to="GIDesign (DesignID)" />
                <link from="GITable (DesignID)" to="GIDesign (DesignID)" />
                <link from="GIWhere (DesignID)" to="GIDesign (DesignID)" />
                <link from="SiteMap (Url)" to="GIDesign (DesignID)" type="WeakByUrl" linkname="toDesignById" baseurl="~/GenericInquiry/GenericInquiry.aspx" paramnames="id" />
                <link from="SiteMap (Url)" to="GIDesign (Name)" type="WeakByUrl" linkname="toDesignByName" baseurl="~/GenericInquiry/GenericInquiry.aspx" />
                <link from="ListEntryPoint (ListScreenID)" to="SiteMap (ScreenID)" />
                <link from="SiteMap (ScreenID)" to="GIDesign (PrimaryScreenIDNew)" linkname="to1Screen" />
                <link from="FilterHeader (ScreenID)" to="SiteMap (ScreenID)" />
                <link from="FilterRow (FilterID)" to="FilterHeader (FilterID)" />
                <link from="PivotTable (NoteID)" to="FilterHeader (RefNoteID)" />
                <link from="PivotField (ScreenID, PivotTableID)" to="PivotTable (ScreenID, PivotTableID)" />
                <link from="MUIScreen (NodeID)" to="SiteMap (NodeID)" />
                <link from="MUIWorkspace (WorkspaceID)" to="MUIScreen (WorkspaceID)" type="FromMaster" linkname="workspaceToScreen" split-location="yes" updateable="True" />
                <link from="MUISubcategory (SubcategoryID)" to="MUIScreen (SubcategoryID)" type="FromMaster" updateable="True" />
                <link from="MUITile (ScreenID)" to="SiteMap (ScreenID)" />
                <link from="MUIWorkspace (WorkspaceID)" to="MUITile (WorkspaceID)" type="FromMaster" linkname="workspaceToTile" split-location="yes" updateable="True" />
                <link from="MUIArea (AreaID)" to="MUIWorkspace (AreaID)" type="FromMaster" updateable="True" />
                <link from="MUIPinnedScreen (NodeID, WorkspaceID)" to="MUIScreen (NodeID, WorkspaceID)" type="WeakIfEmpty" isEmpty="Username" />
                <link from="MUIFavoriteWorkspace (WorkspaceID)" to="MUIWorkspace (WorkspaceID)" type="WeakIfEmpty" isEmpty="Username" />
                <link from="GIDesign (NoteID)" to="Note (NoteID)" type="Note" />
                <link from="GIFilter (NoteID)" to="Note (NoteID)" type="Note" />
                <link from="GIFilter (NoteID)" to="GIFilterKvExt (RecordID)" type="RowKvExt" />
                <link from="GIGroupBy (NoteID)" to="Note (NoteID)" type="Note" />
                <link from="GIOn (NoteID)" to="Note (NoteID)" type="Note" />
                <link from="GIRelation (NoteID)" to="Note (NoteID)" type="Note" />
                <link from="GIResult (NoteID)" to="Note (NoteID)" type="Note" />
                <link from="GIResult (NoteID)" to="GIResultKvExt (RecordID)" type="RowKvExt" />
                <link from="GISort (NoteID)" to="Note (NoteID)" type="Note" />
                <link from="GITable (NoteID)" to="Note (NoteID)" type="Note" />
                <link from="GIWhere (NoteID)" to="Note (NoteID)" type="Note" />
                <link from="FilterHeader (NoteID)" to="Note (NoteID)" type="Note" />
                <link from="FilterHeader (NoteID)" to="FilterHeaderKvExt (RecordID)" type="RowKvExt" />
            </relations>
            <layout>
                <table name="GIDesign">
                    <table name="GIFilter" uplink="(DesignID) = (DesignID)">
                        <table name="Note" uplink="(NoteID) = (NoteID)" />
                        <table name="GIFilterKvExt" uplink="(NoteID) = (RecordID)" />
                    </table>
                    <table name="GIGroupBy" uplink="(DesignID) = (DesignID)">
                        <table name="Note" uplink="(NoteID) = (NoteID)" />
                    </table>
                    <table name="GIMassAction" uplink="(DesignID) = (DesignID)" />
                    <table name="GIMassUpdateField" uplink="(DesignID) = (DesignID)" />
                    <table name="GINavigationScreen" uplink="(DesignID) = (DesignID)">
                        <table name="GINavigationParameter" uplink="(DesignID, LineNbr) = (DesignID, NavigationScreenLineNbr)" />
                        <table name="GINavigationCondition" uplink="(DesignID, LineNbr) = (DesignID, NavigationScreenLineNbr)" />
                    </table>
                    <table name="GIRecordDefault" uplink="(DesignID) = (DesignID)" />
                    <table name="GISort" uplink="(DesignID) = (DesignID)">
                        <table name="Note" uplink="(NoteID) = (NoteID)" />
                    </table>
                    <table name="GITable" uplink="(DesignID) = (DesignID)">
                        <table name="GIRelation" uplink="(DesignID, Alias) = (DesignID, ParentTable)">
                            <table name="GIOn" uplink="(DesignID, LineNbr) = (DesignID, RelationNbr)">
                                <table name="Note" uplink="(NoteID) = (NoteID)" />
                            </table>
                            <table name="Note" uplink="(NoteID) = (NoteID)" />
                        </table>
                        <table name="GIResult" uplink="(Alias, DesignID) = (ObjectName, DesignID)">
                            <table name="Note" uplink="(NoteID) = (NoteID)" />
                            <table name="GIResultKvExt" uplink="(NoteID) = (RecordID)" />
                        </table>
                        <table name="Note" uplink="(NoteID) = (NoteID)" />
                    </table>
                    <table name="GIWhere" uplink="(DesignID) = (DesignID)">
                        <table name="Note" uplink="(NoteID) = (NoteID)" />
                    </table>
                    <table name="SiteMap" uplink="(DesignID) = (Url)" linkname="toDesignById">
                        <table name="ListEntryPoint" uplink="(ScreenID) = (ListScreenID)" />
                        <table name="FilterHeader" uplink="(ScreenID) = (ScreenID)">
                            <table name="FilterRow" uplink="(FilterID) = (FilterID)" />
                            <table name="PivotTable" uplink="(RefNoteID) = (NoteID)">
                                <table name="PivotField" uplink="(ScreenID, PivotTableID) = (ScreenID, PivotTableID)" />
                            </table>
                            <table name="Note" uplink="(NoteID) = (NoteID)" />
                            <table name="FilterHeaderKvExt" uplink="(NoteID) = (RecordID)" />
                        </table>
                        <table name="MUIScreen" uplink="(NodeID) = (NodeID)">
                            <table name="MUIPinnedScreen" uplink="(NodeID, WorkspaceID) = (NodeID, WorkspaceID)" />
                        </table>
                        <table name="MUITile" uplink="(ScreenID) = (ScreenID)" />
                    </table>
                    <table name="SiteMap" uplink="(Name) = (Url)" linkname="toDesignByName">
                        <table name="ListEntryPoint" uplink="(ScreenID) = (ListScreenID)" />
                        <table name="FilterHeader" uplink="(ScreenID) = (ScreenID)">
                            <table name="FilterRow" uplink="(FilterID) = (FilterID)" />
                            <table name="PivotTable" uplink="(RefNoteID) = (NoteID)">
                                <table name="PivotField" uplink="(ScreenID, PivotTableID) = (ScreenID, PivotTableID)" />
                            </table>
                            <table name="Note" uplink="(NoteID) = (NoteID)" />
                            <table name="FilterHeaderKvExt" uplink="(NoteID) = (RecordID)" />
                        </table>
                        <table name="MUIScreen" uplink="(NodeID) = (NodeID)">
                            <table name="MUIPinnedScreen" uplink="(NodeID, WorkspaceID) = (NodeID, WorkspaceID)" />
                        </table>
                        <table name="MUITile" uplink="(ScreenID) = (ScreenID)" />
                    </table>
                    <table name="SiteMap" uplink="(PrimaryScreenIDNew) = (ScreenID)" linkname="to1Screen">
                        <table name="ListEntryPoint" uplink="(ScreenID) = (ListScreenID)" />
                        <table name="FilterHeader" uplink="(ScreenID) = (ScreenID)">
                            <table name="FilterRow" uplink="(FilterID) = (FilterID)" />
                            <table name="PivotTable" uplink="(RefNoteID) = (NoteID)">
                                <table name="PivotField" uplink="(ScreenID, PivotTableID) = (ScreenID, PivotTableID)" />
                            </table>
                            <table name="Note" uplink="(NoteID) = (NoteID)" />
                            <table name="FilterHeaderKvExt" uplink="(NoteID) = (RecordID)" />
                        </table>
                        <table name="MUIScreen" uplink="(NodeID) = (NodeID)">
                            <table name="MUIPinnedScreen" uplink="(NodeID, WorkspaceID) = (NodeID, WorkspaceID)" />
                        </table>
                        <table name="MUITile" uplink="(ScreenID) = (ScreenID)" />
                    </table>
                    <table name="Note" uplink="(NoteID) = (NoteID)" />
                </table>
                <table name="MUIWorkspace">
                    <table name="MUIFavoriteWorkspace" uplink="(WorkspaceID) = (WorkspaceID)" />
                </table>
                <table name="MUISubcategory" />
                <table name="MUIArea" />
            </layout>
            <data>
                <GIDesign>
                    <row DesignID="b2051a5f-d1f6-4f7a-b72b-842ad241f33b" Name="PRL_MDO_Default" FilterColCount="3" PageSize="0" ExportTop="0" NewRecordCreationEnabled="0" MassDeleteEnabled="0" AutoConfirmDelete="0" MassRecordsUpdateEnabled="0" MassActionsOnRecordsEnabled="0" ExposeViaOData="0" ExposeViaMobile="0" ShowDeletedRecords="0" ShowArchivedRecords="0" NotesAndFilesTable="$&lt;None&gt;">
                        <GITable Alias="PRLOverheadCalculatedValuesByPart" Name="PRL.AISOverheadView.PRLOverheadCalculatedValuesByPart">
                            <GIResult LineNbr="14" SortOrder="13" IsActive="1" Field="=([PRLOverheadCalculatedValuesByPart.FreightCalculatedValue] +[PRLOverheadCalculatedValuesByPart.OverheadCalculatedValue]+[PRLOverheadCalculatedValuesByPart.TariffCalculatedValue]+[PRLOverheadCalculatedValuesByPart.UsrAISMaterialCost])" Caption="Calculated Material and MDO" IsVisible="1" DefaultNav="1" QuickFilter="0" FastFilter="0" RowID="bf67689d-123f-4ba1-98e2-f8a6f44b3f02" />
                            <GIResult LineNbr="13" SortOrder="12" IsActive="1" Field="usrAISMaterialCost" IsVisible="1" DefaultNav="1" QuickFilter="0" FastFilter="0" RowID="1795e3b4-9dd1-4df0-a6d8-a01d5605ca3c" />
                            <GIResult LineNbr="12" SortOrder="11" IsActive="1" Field="tariffValue" IsVisible="1" DefaultNav="1" QuickFilter="0" FastFilter="0" RowID="18cd8719-799b-4af3-82ab-ade9f8517505" />
                            <GIResult LineNbr="11" SortOrder="10" IsActive="1" Field="tariffCalculatedValue" IsVisible="1" DefaultNav="1" QuickFilter="0" FastFilter="0" RowID="9426c3c1-9f08-4990-af68-9eab61346653" />
                            <GIResult LineNbr="10" SortOrder="9" IsActive="1" Field="tariffCalc" IsVisible="1" DefaultNav="1" QuickFilter="0" FastFilter="0" RowID="f0131535-85fb-474d-bf56-198a64e82d8b" />
                            <GIResult LineNbr="9" SortOrder="8" IsActive="1" Field="overheadValue" IsVisible="1" DefaultNav="1" QuickFilter="0" FastFilter="0" RowID="473ad3fc-1eea-48d2-b3d1-ef23f887d469" />
                            <GIResult LineNbr="8" SortOrder="7" IsActive="1" Field="overheadCD" IsVisible="1" DefaultNav="1" QuickFilter="0" FastFilter="0" RowID="fbc6e0be-ec85-47d2-9ece-bfe6556cbcde" />
                            <GIResult LineNbr="7" SortOrder="6" IsActive="1" Field="overheadCalculatedValue" IsVisible="1" DefaultNav="1" QuickFilter="0" FastFilter="0" RowID="da3af841-3e51-459b-a1cb-07b63239c20d" />
                            <GIResult LineNbr="6" SortOrder="5" IsActive="1" Field="overheadCalc" IsVisible="1" DefaultNav="1" QuickFilter="0" FastFilter="0" RowID="a065f2d6-bee0-4099-a540-e07a4922c559" />
                            <GIResult LineNbr="5" SortOrder="4" IsActive="1" Field="inventoryCD" IsVisible="1" DefaultNav="1" QuickFilter="0" FastFilter="0" RowID="2f384e21-f2b5-40f2-a9f9-98e4038925cc" />
                            <GIResult LineNbr="4" SortOrder="3" IsActive="1" Field="freightValue" IsVisible="1" DefaultNav="1" QuickFilter="0" FastFilter="0" RowID="1af9192b-a4ab-42d4-b9d7-05da7cc87939" />
                            <GIResult LineNbr="3" SortOrder="2" IsActive="1" Field="freightCalculatedValue" IsVisible="1" DefaultNav="1" QuickFilter="0" FastFilter="0" RowID="533b2f58-cf85-46c0-9ed3-bc57262d9980" />
                            <GIResult LineNbr="2" SortOrder="1" IsActive="1" Field="freightCalc" IsVisible="1" DefaultNav="1" QuickFilter="0" FastFilter="0" RowID="4ee9af81-ff4a-4add-8ed8-17a817b5fee0" />
                        </GITable>
                    </row>
                </GIDesign>
            </data>
        </data-set>
    </GenericInquiryScreen>
    <Sql TableName="PRLAISOvrHeadValueCreate" CustomScript="#CDATA">
        <CDATA name="CustomScript"><![CDATA[DROP VIEW IF EXISTS dbo.PRLAISOvrHeadValue
GO

CREATE VIEW [dbo].[PRLAISOvrHeadValue]
AS
select CompanyID, OverheadID, OverheadCD, Descr, Sum(Overhead) OverHead, sum(Freight) Freight, sum(Tariff) Tariff 
from(
select CompanyID,
	   OverheadID,
	   OverheadCD,
	   Descr,
	   OvhValue as Overhead,
	   Null    as Freight,
	   Null	   as Tariff
from   [dbo].[AISINOverhead]
where  Element = 'V'
union
select CompanyID,
	   OverheadID,
	   OverheadCD,
	   Descr,
	   Null,
	   OvhValue,
	   Null
from   [dbo].[AISINOverhead]
where  Element = 'F'
union
select CompanyID,
       OverheadID,
	   OverheadCD,
	   Descr,
	   Null,
	   null,
	   OvhValue
from   [dbo].[AISINOverhead]
where  Element = 'T') as OverHeadVW
group by companyID, OverHeadID, overheadCD, Descr]]></CDATA>
    </Sql>
    <Sql TableName="PRLOverheadByPartCreate" CustomScript="#CDATA">
        <CDATA name="CustomScript"><![CDATA[DROP VIEW IF EXISTS dbo.PRLOverheadByPart
GO

CREATE VIEW [dbo].[PRLOverheadByPart] as
Select A.CompanyID, A.InventoryCD, A.usrAISOverheadID, MAX(B.OverheadCD) OverheadCD
  From dbo.InventoryItem A, dbo.PRLAISOvrHeadValue B
 Where a.UsrAISOverheadID = B.OverheadID
   and a.CompanyID = b.CompanyID
   and a.DeletedDatabaseRecord = 0
Group by a.companyID, a.InventoryCD, a.UsrAISOverheadID]]></CDATA>
    </Sql>
    <Sql TableName="PRLOverheadCalculatedValuesByPartCreate" CustomScript="#CDATA">
        <CDATA name="CustomScript"><![CDATA[DROP VIEW IF EXISTS dbo.PRLOverheadCalculatedValuesByPart
GO

create view [dbo].[PRLOverheadCalculatedValuesByPart] as
select CompanyID,
	   InventoryCD,
	   UsrAISMaterialCost,
	   OverheadCD,
	   OverheadCalc,
	   OverheadValue,
	   TariffCalc,
	   TariffValue,
	   FreightCalc,
	   FreightValue,
	   case when OverheadValue is null then 0.00
			when OverheadCalc = 'P' then UsrAISMaterialCost * OverheadValue
			when overheadCalc = 'V' then UsrAISMaterialCost + OverheadValue
			else 0.00
	   end as OverheadCalculatedValue,
   	   case when TariffValue is null then 0.00
			when TariffCalc = 'P' then UsrAISMaterialCost * TariffValue
			when TariffCalc = 'V' then UsrAISMaterialCost + TariffValue
			else 0.00
	   end as TariffCalculatedValue,
   	   case when FreightValue is null then 0.00
			when FreightCalc = 'P' then UsrAISMaterialCost * FreightValue
			when FreightCalc = 'V' then UsrAISMaterialCost + FreightValue
			else 0.00
	   end as FreightCalculatedValue
	   from prlOverheadValuesByPart]]></CDATA>
    </Sql>
    <Sql TableName="PRLOverheadValuesByPartCreate" CustomScript="#CDATA">
        <CDATA name="CustomScript"><![CDATA[DROP VIEW IF EXISTS dbo.PRLOverheadValuesByPart
GO

create view [dbo].[PRLOverheadValuesByPart] as
select a.CompanyID, a.InventoryCD, a.UsrAISMaterialCost, b.OverheadCD, 
(select c.Ovhtype from PRLAISOvrHeadValue c where c.CompanyID = a.companyID and c.OverheadCD = b.overheadcd and c.overhead is not null) as OverheadCalc,
(select d.OverHead from PRLAISOvrHeadValue d where d.CompanyID = a.companyID and d.OverheadCD = b.overheadcd and d.overhead is not null) as OverheadValue,
(select e.ovhtype from PRLAISOvrHeadValue e where e.CompanyID = a.companyID and e.OverheadCD = b.overheadcd and e.Tariff is not null) as TariffCalc,
(select f.Tariff from PRLAISOvrHeadValue f where f.CompanyID = a.companyID and f.OverheadCD = b.overheadcd and f.Tariff is not null) as TariffValue,
(select g.ovhtype from PRLAISOvrHeadValue g where g.CompanyID = a.companyID and g.OverheadCD = b.overheadcd and g.Freight is not null) as FreightCalc,
(select h.Freight from PRLAISOvrHeadValue h where h.CompanyID = a.companyID and h.OverheadCD = b.overheadcd and h.Freight is not null) as FreightValue
from dbo.InventoryItem a, dbo.PRLOverheadByPart b
where a.companyID = b.companyID and a.UsrAISOverheadID = b.usrAISOverheadID and a.InventoryCD = b.InventoryCD]]></CDATA>
    </Sql>
</Customization>