<Customization level="740" description="SQL View of Sales Report Data" product-version="23.107">
    <Graph ClassName="vwProductionAvg" Source="#CDATA" IsNew="True" FileType="NewDac">
        <CDATA name="Source"><![CDATA[using System;
using PX.Data;

namespace CBIZ.PL.SaleaReportDataView
{
  [Serializable]
  [PXCacheName("vwProductionAvg")]
  public class vwProductionAvg : IBqlTable
  {
    #region InventoryID
    [PXDBInt(IsKey=true)]
    [PXUIField(DisplayName = "Inventory ID")]
    public virtual int? InventoryID { get; set; }
    public abstract class inventoryID : PX.Data.BQL.BqlInt.Field<inventoryID> { }
    #endregion

    #region Siteid
    [PXDBInt(IsKey=true)]
    [PXUIField(DisplayName = "Siteid")]
    public virtual int? Siteid { get; set; }
    public abstract class siteid : PX.Data.BQL.BqlInt.Field<siteid> { }
    #endregion

    #region AvgProduction3M
    [PXDBDecimal()]
    [PXUIField(DisplayName = "Avg Production3 M")]
    public virtual Decimal? AvgProduction3M { get; set; }
    public abstract class avgProduction3M : PX.Data.BQL.BqlDecimal.Field<avgProduction3M> { }
    #endregion

    #region AvgProduction6M
    [PXDBDecimal()]
    [PXUIField(DisplayName = "Avg Production6 M")]
    public virtual Decimal? AvgProduction6M { get; set; }
    public abstract class avgProduction6M : PX.Data.BQL.BqlDecimal.Field<avgProduction6M> { }
    #endregion
  }
}]]></CDATA>
    </Graph>
    <Graph ClassName="vwSalesAvg" Source="#CDATA" IsNew="True" FileType="NewDac">
        <CDATA name="Source"><![CDATA[using System;
using PX.Data;

namespace CBIZ.PL.SaleaReportDataView
{
  [Serializable]
  [PXCacheName("vwSalesAvg")]
  public class vwSalesAvg : IBqlTable
  {
    #region InventoryID
    [PXDBInt(IsKey=true)]
    [PXUIField(DisplayName = "Inventory ID")]
    public virtual int? InventoryID { get; set; }
    public abstract class inventoryID : PX.Data.BQL.BqlInt.Field<inventoryID> { }
    #endregion

    #region Siteid
    [PXDBInt(IsKey=true)]
    [PXUIField(DisplayName = "Siteid")]
    public virtual int? Siteid { get; set; }
    public abstract class siteid : PX.Data.BQL.BqlInt.Field<siteid> { }
    #endregion

    #region AvgSales3M
    [PXDBDecimal()]
    [PXUIField(DisplayName = "Avg Sales3 M")]
    public virtual Decimal? AvgSales3M { get; set; }
    public abstract class avgSales3M : PX.Data.BQL.BqlDecimal.Field<avgSales3M> { }
    #endregion

    #region AvgSales6M
    [PXDBDecimal()]
    [PXUIField(DisplayName = "Avg Sales6 M")]
    public virtual Decimal? AvgSales6M { get; set; }
    public abstract class avgSales6M : PX.Data.BQL.BqlDecimal.Field<avgSales6M> { }
    #endregion
  }
}]]></CDATA>
    </Graph>
    <Graph ClassName="vwSalesForSalesAttainment" Source="#CDATA" IsNew="True" FileType="NewDac">
        <CDATA name="Source"><![CDATA[using System;
using PX.Data;

namespace CBIZ.PL.SaleaReportDataView
{
  [Serializable]
  [PXCacheName("vwSalesForSalesAttainment")]
  public class vwSalesForSalesAttainment : IBqlTable
  {
    #region TranType
    [PXDBString(3, IsFixed = true, InputMask = "",IsKey=true)]
    [PXUIField(DisplayName = "Tran Type")]
    public virtual string TranType { get; set; }
    public abstract class tranType : PX.Data.BQL.BqlString.Field<tranType> { }
    #endregion

    #region RefNbr
    [PXDBString(15, IsUnicode = true, InputMask = "",IsKey=true)]
    [PXUIField(DisplayName = "Ref Nbr")]
    public virtual string RefNbr { get; set; }
    public abstract class refNbr : PX.Data.BQL.BqlString.Field<refNbr> { }
    #endregion

    #region TranLineNbr
    [PXDBInt(IsKey=true)]
    [PXUIField(DisplayName = "Tran Line Nbr")]
    public virtual int? TranLineNbr { get; set; }
    public abstract class tranLineNbr : PX.Data.BQL.BqlInt.Field<tranLineNbr> { }
    #endregion

    #region InvoiceDate
    [PXDBDate()]
    [PXUIField(DisplayName = "Invoice Date")]
    public virtual DateTime? InvoiceDate { get; set; }
    public abstract class invoiceDate : PX.Data.BQL.BqlDateTime.Field<invoiceDate> { }
    #endregion

    #region FinPeriodID
    [PXDBString(6, IsFixed = true, InputMask = "")]
    [PXUIField(DisplayName = "Fin Period ID")]
    public virtual string FinPeriodID { get; set; }
    public abstract class finPeriodID : PX.Data.BQL.BqlString.Field<finPeriodID> { }
    #endregion

    #region FinYear
    [PXDBString(4, InputMask = "")]
    [PXUIField(DisplayName = "Fin Year")]
    public virtual string FinYear { get; set; }
    public abstract class finYear : PX.Data.BQL.BqlString.Field<finYear> { }
    #endregion

    #region SalesCategory
    [PXDBString(256, IsUnicode = true, InputMask = "")]
    [PXUIField(DisplayName = "Sales Category")]
    public virtual string SalesCategory { get; set; }
    public abstract class salesCategory : PX.Data.BQL.BqlString.Field<salesCategory> { }
    #endregion

    #region CategoryID
    [PXDBInt()]
    [PXUIField(DisplayName = "Category ID")]
    public virtual int? CategoryID { get; set; }
    public abstract class categoryID : PX.Data.BQL.BqlInt.Field<categoryID> { }
    #endregion

    #region AccountCD
    [PXDBString(10, IsUnicode = true, InputMask = "")]
    [PXUIField(DisplayName = "Account CD")]
    public virtual string AccountCD { get; set; }
    public abstract class accountCD : PX.Data.BQL.BqlString.Field<accountCD> { }
    #endregion
      
    #region SARSalesPersonID
    [PXDBInt()]
    [PXUIField(DisplayName = "SARSales Person ID")]
    public virtual int? SARSalesPersonID { get; set; }
    public abstract class sARSalesPersonID : PX.Data.BQL.BqlInt.Field<sARSalesPersonID> { }
    #endregion

    #region TranAmt
    [PXDBDecimal()]
    [PXUIField(DisplayName = "Tran Amt")]
    public virtual Decimal? TranAmt { get; set; }
    public abstract class tranAmt : PX.Data.BQL.BqlDecimal.Field<tranAmt> { }
    #endregion
  }
}]]></CDATA>
    </Graph>
    <Graph ClassName="vwSalesForSalesAttainmentSum" Source="#CDATA" IsNew="True" FileType="NewDac">
        <CDATA name="Source"><![CDATA[using System;
using PX.Data;

namespace CBIZ.PL.SaleaReportDataView
{
  [Serializable]
  [PXCacheName("vwSalesForSalesAttainmentSum")]
  public class vwSalesForSalesAttainmentSum : IBqlTable
  {
    #region FinPeriodID
    [PXDBString(6, IsFixed = true, InputMask = "",IsKey=true)]
    [PXUIField(DisplayName = "Fin Period ID")]
    public virtual string FinPeriodID { get; set; }
    public abstract class finPeriodID : PX.Data.BQL.BqlString.Field<finPeriodID> { }
    #endregion

    #region FinYear
    [PXDBString(4, InputMask = "")]
    [PXUIField(DisplayName = "Fin Year")]
    public virtual string FinYear { get; set; }
    public abstract class finYear : PX.Data.BQL.BqlString.Field<finYear> { }
    #endregion

    #region SalesCategory
    [PXDBString(256, IsUnicode = true, InputMask = "")]
    [PXUIField(DisplayName = "Sales Category")]
    public virtual string SalesCategory { get; set; }
    public abstract class salesCategory : PX.Data.BQL.BqlString.Field<salesCategory> { }
    #endregion

    #region CategoryID
    [PXDBInt(IsKey=true)]
    [PXUIField(DisplayName = "Category ID")]
    public virtual int? CategoryID { get; set; }
    public abstract class categoryID : PX.Data.BQL.BqlInt.Field<categoryID> { }
    #endregion

    #region SARSalesPersonID
    [PXDBInt(IsKey=true)]
    [PXUIField(DisplayName = "SARSales Person ID")]
    public virtual int? SARSalesPersonID { get; set; }
    public abstract class sARSalesPersonID : PX.Data.BQL.BqlInt.Field<sARSalesPersonID> { }
    #endregion

    #region TranAmt
    [PXDBDecimal()]
    [PXUIField(DisplayName = "Tran Amt")]
    public virtual Decimal? TranAmt { get; set; }
    public abstract class tranAmt : PX.Data.BQL.BqlDecimal.Field<tranAmt> { }
    #endregion
  }
}]]></CDATA>
    </Graph>
    <Graph ClassName="vwSalesForSalesAttainmentSumByYear" Source="#CDATA" IsNew="True" FileType="NewDac">
        <CDATA name="Source"><![CDATA[using System;
using PX.Data;

namespace CBIZ.PL.SaleaReportDataView
{
  [Serializable]
  [PXCacheName("vwSalesForSalesAttainmentSumByYear")]
  public class vwSalesForSalesAttainmentSumByYear : IBqlTable
  {
    #region FinYear
    [PXDBString(4,IsKey=true, InputMask = "")]
    [PXUIField(DisplayName = "Fin Year")]
    public virtual string FinYear { get; set; }
    public abstract class finYear : PX.Data.BQL.BqlString.Field<finYear> { }
    #endregion

    #region SalesCategory
    [PXDBString(256,IsKey=true, IsUnicode = true, InputMask = "")]
    [PXUIField(DisplayName = "Sales Category")]
    public virtual string SalesCategory { get; set; }
    public abstract class salesCategory : PX.Data.BQL.BqlString.Field<salesCategory> { }
    #endregion

    #region CategoryID
    [PXDBInt(IsKey=true)]
    [PXUIField(DisplayName = "Category ID")]
    public virtual int? CategoryID { get; set; }
    public abstract class categoryID : PX.Data.BQL.BqlInt.Field<categoryID> { }
    #endregion

    #region SARSalesPersonID
    [PXDBInt(IsKey=true)]
    [PXUIField(DisplayName = "SARSales Person ID")]
    public virtual int? SARSalesPersonID { get; set; }
    public abstract class sARSalesPersonID : PX.Data.BQL.BqlInt.Field<sARSalesPersonID> { }
    #endregion

    #region TranAmt
    [PXDBDecimal()]
    [PXUIField(DisplayName = "Tran Amt")]
    public virtual Decimal? TranAmt { get; set; }
    public abstract class tranAmt : PX.Data.BQL.BqlDecimal.Field<tranAmt> { }
    #endregion
      
    #region ProAccountShipToAmt
    [PXDBDecimal()]
    [PXUIField(DisplayName = "Pro Account ShipTo Amt")]
    public virtual Decimal? ProAccountShipToAmt{ get; set; }
    public abstract class proAccountShipToAmt : PX.Data.BQL.BqlDecimal.Field<proAccountShipToAmt> { }
    #endregion
      
    #region ProAccountNotShipToAmt
    [PXDBDecimal()]
    [PXUIField(DisplayName = "Pro Account Not ShipTo Amt")]
    public virtual Decimal? ProAccountNotShipToAmt{ get; set; }
    public abstract class proAccountNotShipToAmt : PX.Data.BQL.BqlDecimal.Field<proAccountNotShipToAmt> { }
    #endregion
  }
}]]></CDATA>
    </Graph>
    <Graph ClassName="vwSalesReportData" Source="#CDATA" IsNew="True" FileType="NewDac">
        <CDATA name="Source"><![CDATA[using System;
using PX.Data;

namespace CBIZ.PL.SaleaReportDataView
{
  [Serializable]
  [PXCacheName("vwSalesReportData")]
  public class vwSalesReportData : IBqlTable
  {
    #region TranType
    [PXDBString(3, IsFixed = true, InputMask = "", IsKey=true)]
    [PXUIField(DisplayName = "Tran Type")]
    public virtual string TranType { get; set; }
    public abstract class tranType : PX.Data.BQL.BqlString.Field<tranType> { }
    #endregion

    #region RefNbr
    [PXDBString(15, IsUnicode = true, InputMask = "", IsKey=true)]
    [PXUIField(DisplayName = "Ref Nbr")]
    public virtual string RefNbr { get; set; }
    public abstract class refNbr : PX.Data.BQL.BqlString.Field<refNbr> { }
    #endregion

    #region TranLineNbr
    [PXDBInt(IsKey=true)]
    [PXUIField(DisplayName = "Tran Line Nbr")]
    public virtual int? TranLineNbr { get; set; }
    public abstract class tranLineNbr : PX.Data.BQL.BqlInt.Field<tranLineNbr> { }
    #endregion

    #region InventoryID
    [PXDBInt()]
    [PXUIField(DisplayName = "Inventory ID")]
    public virtual int? InventoryID { get; set; }
    public abstract class inventoryID : PX.Data.BQL.BqlInt.Field<inventoryID> { }
    #endregion

    #region InventoryCD
    [PXDBString(30, IsUnicode = true, InputMask = "")]
    [PXUIField(DisplayName = "Inventory CD")]
    public virtual string InventoryCD { get; set; }
    public abstract class inventoryCD : PX.Data.BQL.BqlString.Field<inventoryCD> { }
    #endregion

    #region TranDesc
    [PXDBString(256, IsUnicode = true, InputMask = "")]
    [PXUIField(DisplayName = "Tran Desc")]
    public virtual string TranDesc { get; set; }
    public abstract class tranDesc : PX.Data.BQL.BqlString.Field<tranDesc> { }
    #endregion

    #region CustomerID
    [PXDBInt()]
    [PXUIField(DisplayName = "Customer ID")]
    public virtual int? CustomerID { get; set; }
    public abstract class customerID : PX.Data.BQL.BqlInt.Field<customerID> { }
    #endregion

    #region CustomerCD
    [PXDBString(30, IsUnicode = true, InputMask = "")]
    [PXUIField(DisplayName = "Customer CD")]
    public virtual string CustomerCD { get; set; }
    public abstract class customerCD : PX.Data.BQL.BqlString.Field<customerCD> { }
    #endregion

    #region CustomerName
    [PXDBString(255, IsUnicode = true, InputMask = "")]
    [PXUIField(DisplayName = "Customer Name")]
    public virtual string CustomerName { get; set; }
    public abstract class customerName : PX.Data.BQL.BqlString.Field<customerName> { }
    #endregion

    #region CustomerStatus
    [PXDBString(1, IsFixed = true, InputMask = "")]
    [PXUIField(DisplayName = "Customer Status")]
    public virtual string CustomerStatus { get; set; }
    public abstract class customerStatus : PX.Data.BQL.BqlString.Field<customerStatus> { }
    #endregion

    #region CustomerClassID
    [PXDBString(10, IsUnicode = true, InputMask = "")]
    [PXUIField(DisplayName = "Customer Class ID")]
    public virtual string CustomerClassID { get; set; }
    public abstract class customerClassID : PX.Data.BQL.BqlString.Field<customerClassID> { }
    #endregion

    #region Tier
    [PXDBString(30, IsUnicode = true, InputMask = "")]
    [PXUIField(DisplayName = "Tier")]
    public virtual string Tier { get; set; }
    public abstract class tier : PX.Data.BQL.BqlString.Field<tier> { }
    #endregion

    #region InvoiceNbr
    [PXDBString(40, IsUnicode = true, InputMask = "")]
    [PXUIField(DisplayName = "Invoice Nbr")]
    public virtual string InvoiceNbr { get; set; }
    public abstract class invoiceNbr : PX.Data.BQL.BqlString.Field<invoiceNbr> { }
    #endregion

    #region ItemClassID
    [PXDBInt()]
    [PXUIField(DisplayName = "Item Class ID")]
    public virtual int? ItemClassID { get; set; }
    public abstract class itemClassID : PX.Data.BQL.BqlInt.Field<itemClassID> { }
    #endregion

    #region ItemClassCD
    [PXDBString(30, IsUnicode = true, InputMask = "")]
    [PXUIField(DisplayName = "Item Class CD")]
    public virtual string ItemClassCD { get; set; }
    public abstract class itemClassCD : PX.Data.BQL.BqlString.Field<itemClassCD> { }
    #endregion

    #region Qty
    [PXDBDecimal()]
    [PXUIField(DisplayName = "Qty")]
    public virtual Decimal? Qty { get; set; }
    public abstract class qty : PX.Data.BQL.BqlDecimal.Field<qty> { }
    #endregion

    #region CuryTranAmt
    [PXDBDecimal()]
    [PXUIField(DisplayName = "Cury Tran Amt")]
    public virtual Decimal? CuryTranAmt { get; set; }
    public abstract class curyTranAmt : PX.Data.BQL.BqlDecimal.Field<curyTranAmt> { }
    #endregion

    #region CuryUnitPrice
    [PXDBDecimal()]
    [PXUIField(DisplayName = "Cury Unit Price")]
    public virtual Decimal? CuryUnitPrice { get; set; }
    public abstract class curyUnitPrice : PX.Data.BQL.BqlDecimal.Field<curyUnitPrice> { }
    #endregion

    #region DiscPct
    [PXDBDecimal()]
    [PXUIField(DisplayName = "Disc Pct")]
    public virtual Decimal? DiscPct { get; set; }
    public abstract class discPct : PX.Data.BQL.BqlDecimal.Field<discPct> { }
    #endregion

    #region CuryDiscAmt
    [PXDBDecimal()]
    [PXUIField(DisplayName = "Cury Disc Amt")]
    public virtual Decimal? CuryDiscAmt { get; set; }
    public abstract class curyDiscAmt : PX.Data.BQL.BqlDecimal.Field<curyDiscAmt> { }
    #endregion

    #region SalesPersonID
    [PXDBInt()]
    [PXUIField(DisplayName = "Sales Person ID")]
    public virtual int? SalesPersonID { get; set; }
    public abstract class salesPersonID : PX.Data.BQL.BqlInt.Field<salesPersonID> { }
    #endregion

    #region SalesPersonCD
    [PXDBString(15, IsUnicode = true, InputMask = "")]
    [PXUIField(DisplayName = "Sales Person CD")]
    public virtual string SalesPersonCD { get; set; }
    public abstract class salesPersonCD : PX.Data.BQL.BqlString.Field<salesPersonCD> { }
    #endregion

    #region State
    [PXDBString(50, IsUnicode = true, InputMask = "")]
    [PXUIField(DisplayName = "State")]
    public virtual string State { get; set; }
    public abstract class state : PX.Data.BQL.BqlString.Field<state> { }
    #endregion

    #region InvoiceDate
    [PXDBDate()]
    [PXUIField(DisplayName = "Invoice Date")]
    public virtual DateTime? InvoiceDate { get; set; }
    public abstract class invoiceDate : PX.Data.BQL.BqlDateTime.Field<invoiceDate> { }
    #endregion

    #region SOShipmentNbr
    [PXDBString(15, IsUnicode = true, InputMask = "")]
    [PXUIField(DisplayName = "SOShipment Nbr")]
    public virtual string SOShipmentNbr { get; set; }
    public abstract class sOShipmentNbr : PX.Data.BQL.BqlString.Field<sOShipmentNbr> { }
    #endregion

    #region AccountID
    [PXDBInt()]
    [PXUIField(DisplayName = "Account ID")]
    public virtual int? AccountID { get; set; }
    public abstract class accountID : PX.Data.BQL.BqlInt.Field<accountID> { }
    #endregion

    #region AccountCD
    [PXDBString(10, IsUnicode = true, InputMask = "")]
    [PXUIField(DisplayName = "Account CD")]
    public virtual string AccountCD { get; set; }
    public abstract class accountCD : PX.Data.BQL.BqlString.Field<accountCD> { }
    #endregion

    #region Subid
    [PXDBInt()]
    [PXUIField(DisplayName = "Subid")]
    public virtual int? Subid { get; set; }
    public abstract class subid : PX.Data.BQL.BqlInt.Field<subid> { }
    #endregion

    #region Subcd
    [PXDBString(30, IsUnicode = true, InputMask = "")]
    [PXUIField(DisplayName = "Subcd")]
    public virtual string Subcd { get; set; }
    public abstract class subcd : PX.Data.BQL.BqlString.Field<subcd> { }
    #endregion

    #region CPriceClassID
    [PXDBString(10, IsUnicode = true, InputMask = "")]
    [PXUIField(DisplayName = "CPrice Class ID")]
    public virtual string CPriceClassID { get; set; }
    public abstract class cPriceClassID : PX.Data.BQL.BqlString.Field<cPriceClassID> { }
    #endregion

    #region Prop
    [PXDBString(60, IsUnicode = true, InputMask = "")]
    [PXUIField(DisplayName = "Prop")]
    public virtual string Prop { get; set; }
    public abstract class prop : PX.Data.BQL.BqlString.Field<prop> { }
    #endregion

    #region AddressLine1
    [PXDBString(2500, IsUnicode = true, InputMask = "")]
    [PXUIField(DisplayName = "Address Line1")]
    public virtual string AddressLine1 { get; set; }
    public abstract class addressLine1 : PX.Data.BQL.BqlString.Field<addressLine1> { }
    #endregion

    #region AddressLine2
    [PXDBString(2500, IsUnicode = true, InputMask = "")]
    [PXUIField(DisplayName = "Address Line2")]
    public virtual string AddressLine2 { get; set; }
    public abstract class addressLine2 : PX.Data.BQL.BqlString.Field<addressLine2> { }
    #endregion

    #region City
    [PXDBString(2500, IsUnicode = true, InputMask = "")]
    [PXUIField(DisplayName = "City")]
    public virtual string City { get; set; }
    public abstract class city : PX.Data.BQL.BqlString.Field<city> { }
    #endregion

    #region ShipState
    [PXDBString(2500, IsUnicode = true, InputMask = "")]
    [PXUIField(DisplayName = "Ship State")]
    public virtual string ShipState { get; set; }
    public abstract class shipState : PX.Data.BQL.BqlString.Field<shipState> { }
    #endregion

    #region PostalCode
    [PXDBString(2500, InputMask = "")]
    [PXUIField(DisplayName = "Postal Code")]
    public virtual string PostalCode { get; set; }
    public abstract class postalCode : PX.Data.BQL.BqlString.Field<postalCode> { }
    #endregion

    #region Aracctgroup
    [PXDBString(60, IsUnicode = true, InputMask = "")]
    [PXUIField(DisplayName = "Aracctgroup")]
    public virtual string Aracctgroup { get; set; }
    public abstract class aracctgroup : PX.Data.BQL.BqlString.Field<aracctgroup> { }
    #endregion

    #region KeyDirect
    [PXDBString(15, IsUnicode = true, InputMask = "")]
    [PXUIField(DisplayName = "Key Direct")]
    public virtual string KeyDirect { get; set; }
    public abstract class keyDirect : PX.Data.BQL.BqlString.Field<keyDirect> { }
    #endregion

    #region KeyManager
    [PXDBString(15, IsUnicode = true, InputMask = "")]
    [PXUIField(DisplayName = "Key Manager")]
    public virtual string KeyManager { get; set; }
    public abstract class keyManager : PX.Data.BQL.BqlString.Field<keyManager> { }
    #endregion

    #region ProAccountType
    [PXDBString(60, IsUnicode = true, InputMask = "")]
    [PXUIField(DisplayName = "Pro Account Type")]
    public virtual string ProAccountType { get; set; }
    public abstract class proAccountType : PX.Data.BQL.BqlString.Field<proAccountType> { }
    #endregion

    #region CommissionReceiver
    [PXDBString(15, IsUnicode = true, InputMask = "")]
    [PXUIField(DisplayName = "Commission Receiver")]
    public virtual string CommissionReceiver { get; set; }
    public abstract class commissionReceiver : PX.Data.BQL.BqlString.Field<commissionReceiver> { }
    #endregion

    #region ProGroup
    [PXDBString(60, IsUnicode = true, InputMask = "")]
    [PXUIField(DisplayName = "Pro Group")]
    public virtual string ProGroup { get; set; }
    public abstract class proGroup : PX.Data.BQL.BqlString.Field<proGroup> { }
    #endregion

    #region Postype
    [PXDBString(60, IsUnicode = true, InputMask = "")]
    [PXUIField(DisplayName = "Postype")]
    public virtual string Postype { get; set; }
    public abstract class postype : PX.Data.BQL.BqlString.Field<postype> { }
    #endregion

    #region InsideSales
    [PXDBString(15, IsUnicode = true, InputMask = "")]
    [PXUIField(DisplayName = "Inside Sales")]
    public virtual string InsideSales { get; set; }
    public abstract class insideSales : PX.Data.BQL.BqlString.Field<insideSales> { }
    #endregion

    #region SalesOperations
    [PXDBString(15, IsUnicode = true, InputMask = "")]
    [PXUIField(DisplayName = "Sales Operations")]
    public virtual string SalesOperations { get; set; }
    public abstract class salesOperations : PX.Data.BQL.BqlString.Field<salesOperations> { }
    #endregion

    #region SOOrderNbr
    [PXDBString(15, IsUnicode = true, InputMask = "")]
    [PXUIField(DisplayName = "SOOrder Nbr")]
    public virtual string SOOrderNbr { get; set; }
    public abstract class sOOrderNbr : PX.Data.BQL.BqlString.Field<sOOrderNbr> { }
    #endregion

    #region SalesCategory
    [PXDBString(256, IsUnicode = true, InputMask = "")]
    [PXUIField(DisplayName = "Sales Category")]
    public virtual string SalesCategory { get; set; }
    public abstract class salesCategory : PX.Data.BQL.BqlString.Field<salesCategory> { }
    #endregion

    #region AccountOwner
    [PXDBString(15, IsUnicode = true, InputMask = "")]
    [PXUIField(DisplayName = "Account Owner")]
    public virtual string AccountOwner { get; set; }
    public abstract class accountOwner : PX.Data.BQL.BqlString.Field<accountOwner> { }
    #endregion

    #region Coordinator
    [PXDBString(15, IsUnicode = true, InputMask = "")]
    [PXUIField(DisplayName = "Coordinator")]
    public virtual string Coordinator { get; set; }
    public abstract class coordinator : PX.Data.BQL.BqlString.Field<coordinator> { }
    #endregion

    #region BillToCity
    [PXDBString(2500, IsUnicode = true, InputMask = "")]
    [PXUIField(DisplayName = "Bill To City")]
    public virtual string BillToCity { get; set; }
    public abstract class billToCity : PX.Data.BQL.BqlString.Field<billToCity> { }
    #endregion

    #region BillToState
    [PXDBString(2500, IsUnicode = true, InputMask = "")]
    [PXUIField(DisplayName = "Bill To State")]
    public virtual string BillToState { get; set; }
    public abstract class billToState: PX.Data.BQL.BqlString.Field<billToState> { }
    #endregion

    #region BillToPostalCode
    [PXDBString(2500, InputMask = "")]
    [PXUIField(DisplayName = "Bill To Postal Code")]
    public virtual string BillToPostalCode { get; set; }
    public abstract class billToPostalCode : PX.Data.BQL.BqlString.Field<billToPostalCode> { }
    #endregion

    #region UnitCost
    [PXDBDecimal()]
    [PXUIField(DisplayName = "Unit Cost")]
    public virtual Decimal? UnitCost { get; set; }
    public abstract class unitCost : PX.Data.BQL.BqlDecimal.Field<unitCost> { }
    #endregion

    #region ExtCost
    [PXDBDecimal()]
    [PXUIField(DisplayName = "Ext Cost")]
    public virtual Decimal? ExtCost { get; set; }
    public abstract class extCost : PX.Data.BQL.BqlDecimal.Field<extCost> { }
    #endregion

    #region OrderDate
    [PXDBDate()]
    [PXUIField(DisplayName = "Order Date")]
    public virtual DateTime? OrderDate { get; set; }
    public abstract class orderDate : PX.Data.BQL.BqlDateTime.Field<orderDate> { }
    #endregion

    #region CustomerCreationDate
    [PXDBDate()]
    [PXUIField(DisplayName = "Customer Creation Date")]
    public virtual DateTime? CustomerCreationDate { get; set; }
    public abstract class customerCreationDate : PX.Data.BQL.BqlDateTime.Field<customerCreationDate> { }
    #endregion

    #region Phone
    [PXDBString(50, IsUnicode = true, InputMask = "")]
    [PXUIField(DisplayName = "Phone")]
    public virtual string Phone { get; set; }
    public abstract class phone : PX.Data.BQL.BqlString.Field<phone> { }
    #endregion

    #region PriceGroup
    [PXDBString(50, IsUnicode = true, InputMask = "")]
    [PXUIField(DisplayName = "Price Group")]
    public virtual string PriceGroup { get; set; }
    public abstract class priceGroup : PX.Data.BQL.BqlString.Field<priceGroup> { }
    #endregion
      
    #region BillToRegionCD
    [PXDBString(30, IsUnicode = true, InputMask = "")]
    [PXUIField(DisplayName = "Bill To Region")]
    public virtual string BillToRegionCD { get; set; }
    public abstract class billToRegionCD : PX.Data.BQL.BqlString.Field<billToRegionCD> { }
    #endregion  
      
    #region ShipToRegionCD
    [PXDBString(30, IsUnicode = true, InputMask = "")]
    [PXUIField(DisplayName = "Ship To Region")]
    public virtual string ShipToRegionCD { get; set; }
    public abstract class shipToRegionCD : PX.Data.BQL.BqlString.Field<shipToRegionCD> { }
    #endregion 
      
    #region ShipToRegionID
    [PXDBInt()]
    [PXUIField(DisplayName = "Ship To Region ID")]
    public virtual int? ShipToRegionID { get; set; }
    public abstract class shipToRegionID : PX.Data.BQL.BqlInt.Field<shipToRegionID > { }
    #endregion  
  }
}]]></CDATA>
    </Graph>
    <Graph ClassName="vwSARByYear" Source="#CDATA" IsNew="True" FileType="NewDac">
        <CDATA name="Source"><![CDATA[using System;
using PX.Data;

namespace CBIZ.PL.SaleaReportDataView
{
  [Serializable]
  [PXCacheName("vwSARByYear")]
  public class vwSARByYear : IBqlTable
  {
    #region SalespersonID
    [PXDBInt(IsKey=true)]
    [PXUIField(DisplayName = "Salesperson ID")]
    public virtual int? SalespersonID { get; set; }
    public abstract class salespersonID : PX.Data.BQL.BqlInt.Field<salespersonID> { }
    #endregion

    #region FinYear
    [PXDBString(4,IsKey=true, InputMask = "")]
    [PXUIField(DisplayName = "Fin Year")]
    public virtual string FinYear { get; set; }
    public abstract class finYear : PX.Data.BQL.BqlString.Field<finYear> { }
    #endregion

    #region ItemSalesCategory
    [PXDBInt(IsKey=true)]
    [PXUIField(DisplayName = "Item Sales Category")]
    public virtual int? ItemSalesCategory { get; set; }
    public abstract class itemSalesCategory : PX.Data.BQL.BqlInt.Field<itemSalesCategory> { }
    #endregion

    #region Sargoal
    [PXDBDecimal()]
    [PXUIField(DisplayName = "SARGoal")]
    public virtual Decimal? Sargoal { get; set; }
    public abstract class sargoal : PX.Data.BQL.BqlDecimal.Field<sargoal> { }
    #endregion

    #region Sarbillto
    [PXDBDecimal()]
    [PXUIField(DisplayName = "SSARBillto")]
    public virtual Decimal? Sarbillto { get; set; }
    public abstract class sarbillto : PX.Data.BQL.BqlDecimal.Field<sarbillto> { }
    #endregion

    #region Sarshipto
    [PXDBDecimal()]
    [PXUIField(DisplayName = "SARShipto")]
    public virtual Decimal? Sarshipto { get; set; }
    public abstract class sarshipto : PX.Data.BQL.BqlDecimal.Field<sarshipto> { }
    #endregion

    #region Sarpos
    [PXDBDecimal()]
    [PXUIField(DisplayName = "SARPos")]
    public virtual Decimal? Sarpos { get; set; }
    public abstract class sarpos : PX.Data.BQL.BqlDecimal.Field<sarpos> { }
    #endregion

    #region SARReclass
    [PXDBDecimal()]
    [PXUIField(DisplayName = "SARReclass")]
    public virtual Decimal? SARReclass { get; set; }
    public abstract class sARReclass : PX.Data.BQL.BqlDecimal.Field<sARReclass> { }
    #endregion
  }
}]]></CDATA>
    </Graph>
    <Sql TableName="CreateProductionAvg" CustomScript="#CDATA">
        <CDATA name="CustomScript"><![CDATA[DROP VIEW If Exists [dbo].[vwProductionAvg]
GO

CREATE VIEW [dbo].[vwProductionAvg] AS
select CompanyID,InventoryID,SiteID,
   sum(case when TranDate>=DATEADD(mm,-3,DATEADD(dd,1,EOMONTH(Getdate(),-1))) and TranDate<DATEADD(dd,1,EOMONTH(Getdate(),-1)) 
		then case when TranType='RET' then -BaseQty else BaseQty end
		else 0 end)/3 as AvgProduction3M,
   sum(case when TranDate>=DATEADD(mm,-6,DATEADD(dd,1,EOMONTH(Getdate(),-1))) and TranDate<DATEADD(dd,1,EOMONTH(Getdate(),-1)) 
		then case when TranType='RET' then -BaseQty else BaseQty end 
		else 0 end)/6 as  AvgProduction6M
from INTran
where AMBatNbr is not null
Group by CompanyID,InventoryID,SiteID]]></CDATA>
    </Sql>
    <Sql TableName="CreateSalesAvg" CustomScript="#CDATA">
        <CDATA name="CustomScript"><![CDATA[DROP VIEW If Exists [dbo].[vwSalesAvg]
GO

CREATE VIEW [dbo].[vwSalesAvg] AS
select CompanyID,InventoryID,SiteID,
   sum(case when TranDate>=DATEADD(mm,-3,DATEADD(dd,1,EOMONTH(Getdate(),-1))) and TranDate<DATEADD(dd,1,EOMONTH(Getdate(),-1)) 
		then BaseQty else 0 end)/3 as AvgSales3M,
   sum(case when TranDate>=DATEADD(mm,-6,DATEADD(dd,1,EOMONTH(Getdate(),-1))) and TranDate<DATEADD(dd,1,EOMONTH(Getdate(),-1)) 
		then BaseQty else 0 end)/6 as AvgSales6M
from ARTran
Group by CompanyID,InventoryID,SiteID]]></CDATA>
    </Sql>
    <Sql TableName="CreateSalesReportDataView" CustomScript="#CDATA">
        <CDATA name="CustomScript"><![CDATA[DROP VIEW If Exists [dbo].[vwSalesReportData]
GO

CREATE VIEW [dbo].[vwSalesReportData] AS
SELECT T.CompanyID,T.TranType, T.RefNbr,T.LineNbr as TranLineNbr, T.InventoryID,item.InventoryCD,T.TranDesc, 
    reg.CustomerID, acct.AcctCD as CustomerCD, acct.AcctName as CustomerName, acct.[Status] as CustomerStatus, cust.CustomerClassID, cust.usrTier as Tier,
	inv.InvoiceNbr,item.ItemClassID,ic.ItemClassCD, T.Qty,T.CuryTranAmt,T.CuryUnitPrice,T.DiscPct, T.CuryDiscAmt,
	T.SalesPersonID,sp.SalesPersonCD,adr.State,reg.DocDate as InvoiceDate,
	T.SOShipmentNbr,T.AccountID,Account.AccountCD,T.SubID,Sub.SubCD,loc.CPriceClassID,AttPropCode.Description as Prop,
	ShipAdr.AddressLine1,ShipAdr.AddressLine2,ShipAdr.City,ShipAdr.State as ShipState,ShipAdr.PostalCode,ARacctGrp.Description as ARACCTGROUP,
	kd.SalespersonCD as KeyDirect,km.SalespersonCD as KeyManager,AttBilling.Description as ProAccountType,cr.SalespersonCD as CommissionReceiver,
	AttProGrp.Description as ProGroup, AttPosType.Description as POSType,inside.SalespersonCD as InsideSales, salesOp.SalespersonCD as SalesOperations,
	T.SOOrderNbr,
	(select top(1) cs.Description from INItemCategory iic inner join INCategory cs on cs.CompanyID=iic.CompanyID  and cs.CategoryID=iic.CategoryID
	     where iic.CompanyID=T.CompanyID and iic.InventoryID=T.InventoryID)  SalesCategory,
	acctOwner.SalespersonCD as AccountOwner, coord.SalespersonCD as Coordinator,
	BillAdr.City as BillToCity,BillAdr.State as BillToState, BillAdr.PostalCode as BillToPostalCode,
	SL.CuryUnitCost as UnitCost,SL.CuryExtCost as ExtCost,
	ORD.OrderDate,acct.CreatedDateTime as CustomerCreationDate, Contact.Phone1 as Phone, PG.PriceGroupCode as PriceGroup,
	(select top(1) RegionCD from CBSalesRegion brg where brg.CompanyID=BillAdr.CompanyID and brg.State=BillAdr.State and 
			(brg.PostalCode is null or brg.PostalCode<=BillAdr.PostalCode) and (brg.PostalCodeTo is null or brg.PostalCodeTo>=BillAdr.PostalCode)) as BillToRegionCD,
    (select top(1) RegionCD from CBSalesRegion srg where srg.CompanyID=ShipAdr.CompanyID and srg.State=ShipAdr.State and 
			(srg.PostalCode is null or srg.PostalCode<=ShipAdr.PostalCode) and (srg.PostalCodeTo is null or srg.PostalCodeTo>=ShipAdr.PostalCode)) as ShipToRegionCD,
 (select top(1) RegionID from CBSalesRegion srg where srg.CompanyID=ShipAdr.CompanyID and srg.State=ShipAdr.State and 
			(srg.PostalCode is null or srg.PostalCode<=ShipAdr.PostalCode) and (srg.PostalCodeTo is null or srg.PostalCodeTo>=ShipAdr.PostalCode)) as ShipToRegionID
FROM ARTran T 
    left join InventoryItem item on T.CompanyID = item.CompanyID and T.InventoryID = item.InventoryID
	left join TSPriceGroup PG on PG.CompanyID = item.CompanyID and PG.RecID = item.UsrPriceGroupID
    left join ARRegister reg on T.CompanyID = reg.CompanyID and T.TranType=reg.DocType and T.RefNbr=reg.RefNbr 
	left join ARInvoice inv on T.CompanyID = inv.CompanyID and T.TranType=inv.DocType and T.RefNbr=inv.RefNbr 
	left join Customer cust on T.CompanyID = cust.CompanyID and reg.CustomerID=cust.BAccountID
	left join BAccount acct on T.CompanyID = acct.CompanyID and reg.CustomerID=acct.BAccountID
	left join Contact  on Contact.CompanyID = acct.CompanyID and Contact.ContactID=acct.DefContactID
	left join SalesPerson sp on T.CompanyID = sp.CompanyID and T.SalesPersonID=sp.SalesPersonID
	left join Address adr on T.CompanyID = adr.CompanyID and acct.DefAddressID=adr.AddressID
	left join ARAddress ShipAdr on T.CompanyID = ShipAdr.CompanyID and inv.ShipAddressID=ShipAdr.AddressID
	left join ARAddress BillAdr on T.CompanyID = BillAdr.CompanyID and inv.BillAddressID=BillAdr.AddressID
	left join Location loc on T.CompanyID = loc.CompanyID and acct.BAccountID=loc.BAccountID and acct.DefLocationID=loc.LocationID
	left join Account  on T.CompanyID = Account.CompanyID and T.AccountID=Account.AccountID
	left join Sub  on T.CompanyID = Sub.CompanyID and T.SubID=Sub.SubID
	left join INItemClass ic  on T.CompanyID = ic.CompanyID and item.ItemClassID=ic.ItemClassID
	left join SOLine SL  on T.CompanyID = SL.CompanyID and T.SOOrderType = SL.OrderType  and T.SOOrderNbr = SL.OrderNbr  and T.SOOrderLineNbr = SL.LineNbr 
	left join SOOrder ORD  on ORD.CompanyID = SL.CompanyID and ORD.OrderType = SL.OrderType  and ORD.OrderNbr = SL.OrderNbr  
	left join (select ans.*,dtl.Description from CSAnswers ans inner join CSAttributeDetail dtl 
	       on ans.CompanyID = dtl.CompanyID and ans.AttributeID=dtl.AttributeID and ans.Value=dtl.ValueID and ans.AttributeID='PROPCODE') as AttPropCode on
		   T.CompanyID=AttPropCode.CompanyID and acct.NoteID = AttPropCode.RefNoteID
	left join (select ans.*,dtl.Description from CSAnswers ans inner join CSAttributeDetail dtl 
	       on ans.CompanyID = dtl.CompanyID and ans.AttributeID=dtl.AttributeID and ans.Value=dtl.ValueID and ans.AttributeID='ARACCTGRP') as ARacctGrp on
		   T.CompanyID=ARacctGrp.CompanyID and acct.NoteID = ARacctGrp.RefNoteID
	left join (select cs.*,sp.SalespersonCD,sp.Descr from CustSalesPeople cs inner join SalesPerson sp on cs.CompanyID=sp.CompanyID and cs.SalesPersonID=sp.SalesPersonID and cs.usrSalesPersonGroup='KD'
		inner join Location LL on cs.CompanyID=LL.CompanyID and cs.BAccountID = LL.BAccountID and cs.LocationID = LL.LocationID and LL.LocationCD = 'MAIN'  ) as kd
		on T.CompanyID=kd.CompanyID and reg.CustomerID=kd.BAccountID 
	left join (select cs.*,sp.SalespersonCD,sp.Descr from CustSalesPeople cs inner join SalesPerson sp on cs.CompanyID=sp.CompanyID and cs.SalesPersonID=sp.SalesPersonID and cs.usrSalesPersonGroup='KM'
		inner join Location LL on cs.CompanyID=LL.CompanyID and cs.BAccountID = LL.BAccountID and cs.LocationID = LL.LocationID and LL.LocationCD = 'MAIN'  ) as km
		on T.CompanyID=km.CompanyID and reg.CustomerID=km.BAccountID 
	left join (select ans.*,dtl.Description from CSAnswers ans inner join CSAttributeDetail dtl 
	       on ans.CompanyID = dtl.CompanyID and ans.AttributeID=dtl.AttributeID and ans.Value=dtl.ValueID and ans.AttributeID='BILLING') as AttBilling on
		   T.CompanyID=AttBilling.CompanyID and acct.NoteID = AttBilling.RefNoteID

	left join (select cs.*,sp.SalespersonCD,sp.Descr from CustSalesPeople cs inner join SalesPerson sp on cs.CompanyID=sp.CompanyID and cs.SalesPersonID=sp.SalesPersonID and cs.usrSalesPersonGroup='CR'
		inner join Location LL on cs.CompanyID=LL.CompanyID and cs.BAccountID = LL.BAccountID and cs.LocationID = LL.LocationID and LL.LocationCD = 'MAIN'  ) as cr
		on T.CompanyID=cr.CompanyID and reg.CustomerID=cr.BAccountID 
	left join (select ans.*,dtl.Description from CSAnswers ans inner join CSAttributeDetail dtl 
	       on ans.CompanyID = dtl.CompanyID and ans.AttributeID=dtl.AttributeID and ans.Value=dtl.ValueID and ans.AttributeID='PROGROUP') as AttProGrp on
		   T.CompanyID=AttProGrp.CompanyID and acct.NoteID = AttProGrp.RefNoteID
	left join (select ans.*,dtl.Description from CSAnswers ans inner join CSAttributeDetail dtl 
	       on ans.CompanyID = dtl.CompanyID and ans.AttributeID=dtl.AttributeID and ans.Value=dtl.ValueID and ans.AttributeID='POSTYPE') as AttPosType on
		   T.CompanyID=AttPosType.CompanyID and acct.NoteID = AttPosType.RefNoteID
	left join (select cs.*,sp.SalespersonCD,sp.Descr from CustSalesPeople cs inner join SalesPerson sp on cs.CompanyID=sp.CompanyID and cs.SalesPersonID=sp.SalesPersonID and cs.usrSalesPersonGroup='IS'
		inner join Location LL on cs.CompanyID=LL.CompanyID and cs.BAccountID = LL.BAccountID and cs.LocationID = LL.LocationID and LL.LocationCD = 'MAIN'  ) as inside
		on T.CompanyID=inside.CompanyID and reg.CustomerID=inside.BAccountID 
	left join (select cs.*,sp.SalespersonCD,sp.Descr from CustSalesPeople cs inner join SalesPerson sp on cs.CompanyID=sp.CompanyID and cs.SalesPersonID=sp.SalesPersonID and cs.usrSalesPersonGroup='SO'
		inner join Location LL on cs.CompanyID=LL.CompanyID and cs.BAccountID = LL.BAccountID and cs.LocationID = LL.LocationID and LL.LocationCD = 'MAIN'  ) as salesOp
		on T.CompanyID=salesOp.CompanyID and reg.CustomerID=salesOp.BAccountID 
    left join (select cs.*,sp.SalespersonCD,sp.Descr from CustSalesPeople cs inner join SalesPerson sp on cs.CompanyID=sp.CompanyID and cs.SalesPersonID=sp.SalesPersonID and cs.usrSalesPersonGroup='AO'
		inner join Location LL on cs.CompanyID=LL.CompanyID and cs.BAccountID = LL.BAccountID and cs.LocationID = LL.LocationID and LL.LocationCD = 'MAIN'  ) as acctOwner
		on T.CompanyID=acctOwner.CompanyID and reg.CustomerID=acctOwner.BAccountID 
	left join (select cs.*,sp.SalespersonCD,sp.Descr from CustSalesPeople cs inner join SalesPerson sp on cs.CompanyID=sp.CompanyID and cs.SalesPersonID=sp.SalesPersonID and cs.usrSalesPersonGroup='CO'
		inner join Location LL on cs.CompanyID=LL.CompanyID and cs.BAccountID = LL.BAccountID and cs.LocationID = LL.LocationID and LL.LocationCD = 'MAIN'  ) as coord
		on T.CompanyID=coord.CompanyID and reg.CustomerID=coord.BAccountID 
	
Where reg.Released=1


GO

DROP VIEW If Exists [dbo].[vwSalesForSalesAttainmentSum]
GO



CREATE VIEW [dbo].[vwSalesForSalesAttainmentSum] AS
select S.CompanyID, R.FinPeriodID, left(R.FinPeriodID,4) as FinYear,
	S.salesCategory,INCategory.CategoryID,
	case when S.ProAccountType='Ship To' then isnull(SPR.SalespersonID,S.SalesPersonID) ELSE isnull(SP.SalespersonID,S.SalesPersonID) end as SARSalesPersonID,
	sum(case when S.TranType='CRM' then -S.CuryTranAmt ELSE S.CuryTranAmt end) as TranAmt,
sum(case when ProAccountType = 'Ship To' then 
			case when S.TranType='CRM' then -S.CuryTranAmt ELSE S.CuryTranAmt end
		else 0 end) as ProAccountShipToAmt,
	sum(case when ProAccountType = 'Ship To' then 0
		else
			case when S.TranType='CRM' then -S.CuryTranAmt ELSE S.CuryTranAmt end
		end) as ProAccountNotShipToAmt
from vwSalesReportData S Inner join ARRegister R on S.CompanyID=R.CompanyID and S.TranType=R.DocType and S.RefNbr=R.RefNbr
	
	left join CBSalesPeopleRegion SPR on SPR.CompanyID=S.CompanyID and SPR.RegionID=S.ShipToRegionID
	left join SalesPerson SP on SP.CompanyID=S.CompanyID and SP.SalespersonCD=S.AccountOwner
	left join INCategory on S.CompanyID=INCategory.CompanyID and S.SalesCategory = INCategory.Description
group by S.CompanyID, R.FinPeriodID, left(R.FinPeriodID,4),
	S.salesCategory,INCategory.CategoryID,
	case when S.ProAccountType='Ship To' then isnull(SPR.SalespersonID,S.SalesPersonID) ELSE isnull(SP.SalespersonID,S.SalesPersonID) end

GO

DROP VIEW If Exists [dbo].[vwSalesForSalesAttainment]
GO

CREATE VIEW [dbo].[vwSalesForSalesAttainment] AS
select S.CompanyID,S.TranType, S.RefNbr, S.TranLineNbr,S.InvoiceDate, R.FinPeriodID, left(R.FinPeriodID,4) as FinYear,
	S.salesCategory,INCategory.CategoryID,S.AccountCD,
	case when S.ProAccountType='Ship To' then isnull(SPR.SalespersonID,S.SalesPersonID) ELSE isnull(SP.SalespersonID,S.SalesPersonID) end as SARSalesPersonID,
	case when S.TranType='CRM' then -S.CuryTranAmt ELSE S.CuryTranAmt end as TranAmt
from vwSalesReportData S Inner join ARRegister R on S.CompanyID=R.CompanyID and S.TranType=R.DocType and S.RefNbr=R.RefNbr
	
	left join CBSalesPeopleRegion SPR on SPR.CompanyID=S.CompanyID and SPR.RegionID=S.ShipToRegionID
	left join SalesPerson SP on SP.CompanyID=S.CompanyID and SP.SalespersonCD=S.AccountOwner
	left join INCategory on S.CompanyID=INCategory.CompanyID and S.SalesCategory = INCategory.Description

GO

DROP VIEW If Exists [dbo].[vwSalesForSalesAttainmentSumByYear]
GO

CREATE VIEW [dbo].[vwSalesForSalesAttainmentSumByYear] AS
select S.CompanyID,  left(R.FinPeriodID,4) as FinYear,
	S.salesCategory,INCategory.CategoryID,
	case when S.ProAccountType='Ship To' then isnull(SPR.SalespersonID,S.SalesPersonID) ELSE isnull(SP.SalespersonID,S.SalesPersonID) end as SARSalesPersonID,
	sum(case when S.TranType='CRM' then -S.CuryTranAmt ELSE S.CuryTranAmt end) as TranAmt,
      sum(case when ProAccountType = 'Ship To' then 
			case when S.TranType='CRM' then -S.CuryTranAmt ELSE S.CuryTranAmt end
		else 0 end) as ProAccountShipToAmt,
	sum(case when ProAccountType = 'Ship To' then 0
		else
			case when S.TranType='CRM' then -S.CuryTranAmt ELSE S.CuryTranAmt end
		end) as ProAccountNotShipToAmt

from vwSalesReportData S Inner join ARRegister R on S.CompanyID=R.CompanyID and S.TranType=R.DocType and S.RefNbr=R.RefNbr
	
	left join CBSalesPeopleRegion SPR on SPR.CompanyID=S.CompanyID and SPR.RegionID=S.ShipToRegionID
	left join SalesPerson SP on SP.CompanyID=S.CompanyID and SP.SalespersonCD=S.AccountOwner
	left join INCategory on S.CompanyID=INCategory.CompanyID and S.SalesCategory = INCategory.Description
group by S.CompanyID,left(R.FinPeriodID,4),
	S.salesCategory,INCategory.CategoryID,
	case when S.ProAccountType='Ship To' then isnull(SPR.SalespersonID,S.SalesPersonID) ELSE isnull(SP.SalespersonID,S.SalesPersonID) end

GO]]></CDATA>
    </Sql>
    <Sql TableName="CreatevwSARByYear" CustomScript="#CDATA">
        <CDATA name="CustomScript"><![CDATA[DROP VIEW If Exists [dbo].[vwSARByYear]
GO

CREATE VIEW [dbo].[vwSARByYear] AS
SELECT [CompanyID]
      ,[SalespersonID]
	   ,left(FinPeriodID,4) as FinYear
      ,[ItemSalesCategory]
      ,max(CASE WHEN SalesType='Goal' then isnull(Amount,0) ELSE 0 END) as SARGoal
	  ,sum(CASE WHEN SalesType='MigrationBillTo' then isnull(Amount,0) ELSE 0 END) as SARBillTo
	  ,sum(CASE WHEN SalesType='MigrationShipTo' then isnull(Amount,0) ELSE 0 END) as SARShipTo
	  ,sum(CASE WHEN SalesType='POS' then isnull(Amount,0) ELSE 0 END) as SARPOS
	  ,sum(CASE WHEN SalesType='Reclass' then isnull(Amount,0) ELSE 0 END) as SARReclass
 
  FROM [SalesAttainmentReport]
  Group by [CompanyID]
      ,[SalespersonID]
	   ,left(FinPeriodID,4) 
      ,[ItemSalesCategory]



GO]]></CDATA>
    </Sql>
</Customization>