<Customization level="" description="" product-version="24.210">
    <EntityEndpoint>
        <Endpoint xmlns:xsd="http://www.w3.org/2001/XMLSchema" xmlns:xsi="http://www.w3.org/2001/XMLSchema-instance" name="CTDEFAULT" version="24.200.001" systemContractVersion="4" xmlns="http://www.acumatica.com/entity/maintenance/5.31">
            <ExtendsEndpoint name="Default" version="24.200.001" />
            <TopLevelEntity name="CanadaUOM" screen="CS2035PL">
                <Fields>
                    <Field name="CanadaUOMDetails" type="CanadaUOMDetail[]" />
                </Fields>
                <Mappings>
                    <Mapping field="CanadaUOMDetails">
                        <Mapping field="UnitID">
                            <To object="Results" field="UnitOfMeasure_unit" />
                        </Mapping>
                        <Mapping field="DescriptionforReports">
                            <To object="Results" field="UnitOfMeasure_descr" />
                        </Mapping>
                        <Mapping field="Level3UnitID">
                            <To object="Results" field="UnitOfMeasure_l3Code" />
                        </Mapping>
                    </Mapping>
                </Mappings>
            </TopLevelEntity>
            <Detail name="CanadaUOMDetail">
                <Fields>
                    <Field name="DescriptionforReports" type="StringValue" />
                    <Field name="Level3UnitID" type="StringValue" />
                    <Field name="UnitID" type="StringValue" />
                </Fields>
            </Detail>
            <TopLevelEntity name="StockItem" screen="IN202500">
                <Fields>
                    <Field name="ConfigurationID" type="StringValue" />
                    <Field name="CTPItem" type="BooleanValue" />
                    <Field name="DaysofSupply" type="IntValue" />
                    <Field name="DefaultBOMID" type="StringValue" />
                    <Field name="DfltMarkFor" type="StringValue" />
                    <Field name="DivisibleUnitDecimalBaseUnit" type="BooleanValue" />
                    <Field name="DivisibleUnitDecimalPurchaseUnit" type="BooleanValue" />
                    <Field name="DivisibleUnitDecimalSalesUnit" type="BooleanValue" />
                    <Field name="LotSize" type="DecimalValue" />
                    <Field name="MaketoOrderItem" type="BooleanValue" />
                    <Field name="MaxOrderQty" type="DecimalValue" />
                    <Field name="MFGLeadTime" type="IntValue" />
                    <Field name="MinOrderQty" type="DecimalValue" />
                    <Field name="Override" type="BooleanValue" />
                    <Field name="PlanningBOMID" type="StringValue" />
                    <Field name="PurchaseUnit" type="StringValue" />
                    <Field name="QuantityRoundUp" type="BooleanValue" />
                    <Field name="ReorderPoint" type="DecimalValue" />
                    <Field name="SafetyStock" type="DecimalValue" />
                    <Field name="SalesUnit" type="StringValue" />
                    <Field name="Source" type="StringValue" />
                    <Field name="WeightItem" type="BooleanValue" />
                </Fields>
                <Mappings>
                    <Mapping field="DefaultBOMID">
                        <To object="manufacturingSettings" field="AMBOMID" />
                    </Mapping>
                    <Mapping field="DivisibleUnitDecimalSalesUnit">
                        <To object="ItemSettings: 3" field="DecimalSalesUnit" />
                    </Mapping>
                    <Mapping field="PurchaseUnit">
                        <To object="ItemSettings: 3" field="PurchaseUnit" />
                    </Mapping>
                    <Mapping field="SalesUnit">
                        <To object="ItemSettings: 3" field="SalesUnit" />
                    </Mapping>
                    <Mapping field="WeightItem">
                        <To object="ItemSettings: 3" field="WeightItem" />
                    </Mapping>
                    <Mapping field="DaysofSupply">
                        <To object="inventoryPlanningSettings" field="AMGroupWindow" />
                    </Mapping>
                    <Mapping field="Override">
                        <To object="inventoryPlanningSettings" field="AMGroupWindowOverride" />
                    </Mapping>
                    <Mapping field="LotSize">
                        <To object="inventoryPlanningSettings" field="AMLotSize" />
                    </Mapping>
                    <Mapping field="MaxOrderQty">
                        <To object="inventoryPlanningSettings" field="AMMaxOrdQty" />
                    </Mapping>
                    <Mapping field="MFGLeadTime">
                        <To object="inventoryPlanningSettings" field="AMMFGLeadTime" />
                    </Mapping>
                    <Mapping field="MinOrderQty">
                        <To object="inventoryPlanningSettings" field="AMMinOrdQty" />
                    </Mapping>
                    <Mapping field="ConfigurationID">
                        <To object="manufacturingSettings" field="AMConfigurationID" />
                    </Mapping>
                    <Mapping field="ReorderPoint">
                        <To object="inventoryPlanningSettings" field="AMMinQty" />
                    </Mapping>
                    <Mapping field="SafetyStock">
                        <To object="inventoryPlanningSettings" field="AMSafetyStock" />
                    </Mapping>
                    <Mapping field="Source">
                        <To object="inventoryPlanningSettings" field="ReplenishmentSource" />
                    </Mapping>
                    <Mapping field="CTPItem">
                        <To object="manufacturingSettings" field="AMCTPItem" />
                    </Mapping>
                    <Mapping field="DfltMarkFor">
                        <To object="manufacturingSettings" field="AMDefaultMarkFor" />
                    </Mapping>
                    <Mapping field="MaketoOrderItem">
                        <To object="manufacturingSettings" field="AMMakeToOrderItem" />
                    </Mapping>
                    <Mapping field="PlanningBOMID">
                        <To object="manufacturingSettings" field="AMPlanningBOMID" />
                    </Mapping>
                    <Mapping field="QuantityRoundUp">
                        <To object="manufacturingSettings" field="AMQtyRoundUp" />
                    </Mapping>
                    <Mapping field="DivisibleUnitDecimalBaseUnit">
                        <To object="ItemSettings: 3" field="DecimalBaseUnit" />
                    </Mapping>
                    <Mapping field="DivisibleUnitDecimalPurchaseUnit">
                        <To object="ItemSettings: 3" field="DecimalPurchaseUnit" />
                    </Mapping>
                </Mappings>
            </TopLevelEntity>
            <Detail name="ItemClassAtrribute">
                <Fields>
                    <Field name="Active" type="BooleanValue" />
                    <Field name="Category" type="StringValue" />
                    <Field name="ControlType" type="StringValue" />
                    <Field name="Description" type="StringValue" />
                    <Field name="EntityClassID" type="StringValue" />
                    <Field name="Type" type="StringValue" />
                </Fields>
            </Detail>
            <TopLevelEntity name="ItemClass" screen="IN201000">
                <Mappings>
                    <Mapping field="Attributes">
                        <Mapping field="Category">
                            <To object="Mapping" field="AttributeCategory" />
                        </Mapping>
                        <Mapping field="ControlType">
                            <To object="Mapping" field="ControlType" />
                        </Mapping>
                        <Mapping field="Description">
                            <To object="Mapping" field="Description" />
                        </Mapping>
                        <Mapping field="EntityClassID">
                            <To object="Mapping" field="EntityClassID" />
                        </Mapping>
                        <Mapping field="Type">
                            <To object="Mapping" field="EntityType" />
                        </Mapping>
                        <Mapping field="Active">
                            <To object="Mapping" field="IsActive" />
                        </Mapping>
                    </Mapping>
                </Mappings>
            </TopLevelEntity>
            <TopLevelEntity name="Employee" screen="EP203000">
                <Fields>
                    <Field name="ContactID" type="IntValue" />
                </Fields>
                <Mappings>
                    <Mapping field="ContactID">
                        <To object="Contact" field="ContactID" />
                    </Mapping>
                </Mappings>
            </TopLevelEntity>
        </Endpoint>
    </EntityEndpoint>
    <EntityEndpoint>
        <Endpoint xmlns:xsd="http://www.w3.org/2001/XMLSchema" xmlns:xsi="http://www.w3.org/2001/XMLSchema-instance" name="CTEXTRA" version="24.200.001" systemContractVersion="4" xmlns="http://www.acumatica.com/entity/maintenance/5.31">
            <TopLevelEntity name="PostingClass" screen="IN206000">
                <Fields>
                    <Field name="ClassID" type="StringValue" />
                    <Field name="Description" type="StringValue" />
                </Fields>
                <Mappings>
                    <Mapping field="Description">
                        <To object="postclass" field="Descr" />
                    </Mapping>
                    <Mapping field="ClassID">
                        <To object="postclass" field="PostClassID" />
                    </Mapping>
                </Mappings>
            </TopLevelEntity>
            <TopLevelEntity name="SegmentedKey" screen="CS202000">
                <Fields>
                    <Field name="AllowAddingNewValuesOntheFly" type="BooleanValue" />
                    <Field name="Description" type="StringValue" />
                    <Field name="Length" type="ShortValue" />
                    <Field name="LookupMode" type="StringValue" />
                    <Field name="MaxLength" type="IntValue" />
                    <Field name="NumberingID" type="StringValue" />
                    <Field name="Parent" type="StringValue" />
                    <Field name="SegmentedKeyID" type="StringValue" />
                    <Field name="Segments" type="ShortValue" />
                    <Field name="SpecificModule" type="StringValue" />
                </Fields>
                <Mappings>
                    <Mapping field="Description">
                        <To object="Header" field="Descr" />
                    </Mapping>
                    <Mapping field="AllowAddingNewValuesOntheFly">
                        <To object="Header" field="Validate" />
                    </Mapping>
                    <Mapping field="SegmentedKeyID">
                        <To object="Header" field="DimensionID" />
                    </Mapping>
                    <Mapping field="Length">
                        <To object="Header" field="Length" />
                    </Mapping>
                    <Mapping field="LookupMode">
                        <To object="Header" field="LookupMode" />
                    </Mapping>
                    <Mapping field="MaxLength">
                        <To object="Header" field="MaxLength" />
                    </Mapping>
                    <Mapping field="NumberingID">
                        <To object="Header" field="NumberingID" />
                    </Mapping>
                    <Mapping field="Parent">
                        <To object="Header" field="ParentDimensionID" />
                    </Mapping>
                    <Mapping field="Segments">
                        <To object="Header" field="Segments" />
                    </Mapping>
                    <Mapping field="SpecificModule">
                        <To object="Header" field="SpecificModule" />
                    </Mapping>
                </Mappings>
            </TopLevelEntity>
        </Endpoint>
    </EntityEndpoint>
    <EntityEndpoint>
        <Endpoint xmlns:xsd="http://www.w3.org/2001/XMLSchema" xmlns:xsi="http://www.w3.org/2001/XMLSchema-instance" name="CTMANUFACTURING" version="24.200.001" systemContractVersion="4" xmlns="http://www.acumatica.com/entity/maintenance/5.31">
            <ExtendsEndpoint name="MANUFACTURING" version="24.200.001" />
            <TopLevelEntity name="BillOfMaterial" screen="AM208000">
                <Fields>
                    <Field name="EndDate" type="DateTimeValue" />
                    <Field name="StartDate" type="DateTimeValue" />
                </Fields>
                <Mappings>
                    <Mapping field="EndDate">
                        <To object="Documents" field="EffEndDate" />
                    </Mapping>
                    <Mapping field="StartDate">
                        <To object="Documents" field="EffStartDate" />
                    </Mapping>
                </Mappings>
            </TopLevelEntity>
            <TopLevelEntity name="WorkCenter" screen="AM207000">
                <Fields>
                    <Field name="WorkCenter" type="StringValue" />
                </Fields>
                <Mappings>
                    <Mapping field="WorkCenter">
                        <To object="WCRecords" field="WcID" />
                    </Mapping>
                </Mappings>
            </TopLevelEntity>
        </Endpoint>
    </EntityEndpoint>
    <Info IsISV="True" Initials="CADT" />
</Customization>