<Customization level="10000" description="DZ - 10-21-2024 Deployment of EDI endpoint" product-version="24.210">
    <EntityEndpoint>
        <Endpoint xmlns:xsd="http://www.w3.org/2001/XMLSchema" xmlns:xsi="http://www.w3.org/2001/XMLSchema-instance" name="EDI" version="20.200.001" systemContractVersion="4" xmlns="http://www.acumatica.com/entity/maintenance/5.31">
            <ExtendsEndpoint name="Default" version="20.200.001" />
            <Detail name="AttributeValues">
                <Fields>
                    <Field name="AttributeDescription" type="StringValue" />
                    <Field name="AttributeID" type="StringValue" />
                    <Field name="RefNoteID" type="GuidValue" />
                    <Field name="Required" type="BooleanValue" />
                    <Field name="Value" type="StringValue" />
                    <Field name="ValueDescription" type="StringValue" />
                </Fields>
            </Detail>
            <TopLevelEntity name="SalesOrder" screen="SO301000">
                <Fields>
                    <Field name="Attributes" type="AttributeValues[]" />
                </Fields>
                <Mappings>
                    <Mapping field="Attributes">
                        <Mapping field="AttributeID">
                            <To object="Answers" field="AttributeID$value" />
                        </Mapping>
                        <Mapping field="Required">
                            <To object="Answers" field="IsRequired" />
                        </Mapping>
                        <Mapping field="RefNoteID">
                            <To object="Answers" field="RefNoteID" />
                        </Mapping>
                        <Mapping field="AttributeDescription">
                            <To object="Answers" field="UsrDescription" />
                        </Mapping>
                        <Mapping field="Value">
                            <To object="Answers" field="Value$value" />
                        </Mapping>
                        <Mapping field="ValueDescription">
                            <To object="Answers" field="Value" />
                        </Mapping>
                    </Mapping>
                </Mappings>
            </TopLevelEntity>
        </Endpoint>
    </EntityEndpoint>
</Customization>