<Customization level="0" description="CAD Talk Update 4/13/2024" product-version="23.107">
    <EntityEndpoint>
        <Endpoint xmlns:xsd="http://www.w3.org/2001/XMLSchema" xmlns:xsi="http://www.w3.org/2001/XMLSchema-instance" name="CTMANUFACTURING" version="21.200.002" systemContractVersion="4" xmlns="http://www.acumatica.com/entity/maintenance/5.31">
            <ExtendsEndpoint name="MANUFACTURING" version="21.200.001" />
            <Detail name="OperationDetail">
                <Fields>
                    <Field name="ControlPoint" type="BooleanValue" />
                    <Field name="MoveTime" type="StringValue" />
                </Fields>
            </Detail>
            <TopLevelEntity name="BillOfMaterial" screen="AM208000">
                <Fields>
                    <Field name="EndDate" type="DateTimeValue" />
                    <Field name="StartDate" type="DateTimeValue" />
                </Fields>
                <Mappings>
                    <Mapping field="EndDate">
                        <To object="Documents" field="EffEndDate" />
                    </Mapping>
                    <Mapping field="Operations">
                        <Mapping field="ControlPoint">
                            <To object="BomOperRecords" field="ControlPoint" />
                        </Mapping>
                        <Mapping field="MoveTime">
                            <To object="BomOperRecords" field="MoveTime" />
                        </Mapping>
                    </Mapping>
                    <Mapping field="StartDate">
                        <To object="Documents" field="EffStartDate" />
                    </Mapping>
                </Mappings>
            </TopLevelEntity>
            <TopLevelEntity name="WorkCenter" screen="AM207000">
                <Fields>
                    <Field name="WorkCenter" type="StringValue" />
                </Fields>
                <Mappings>
                    <Mapping field="WorkCenter">
                        <To object="WCRecords" field="WcID" />
                    </Mapping>
                </Mappings>
            </TopLevelEntity>
        </Endpoint>
    </EntityEndpoint>
    <EntityEndpoint>
        <Endpoint xmlns:xsd="http://www.w3.org/2001/XMLSchema" xmlns:xsi="http://www.w3.org/2001/XMLSchema-instance" name="CTDEFAULT" version="22.200.001" systemContractVersion="4" xmlns="http://www.acumatica.com/entity/maintenance/5.31">
            <ExtendsEndpoint name="Default" version="22.200.001" />
            <Detail name="ItemClassAtrribute">
                <Fields>
                    <Field name="Active" type="BooleanValue" />
                    <Field name="ControlType" type="StringValue" />
                    <Field name="Description" type="StringValue" />
                    <Field name="EntityClassID" type="StringValue" />
                    <Field name="Type" type="StringValue" />
                </Fields>
            </Detail>
            <TopLevelEntity name="ItemClass" screen="IN201000">
                <Mappings>
                    <Mapping field="Attributes">
                        <Mapping field="ControlType">
                            <To object="Mapping" field="ControlType" />
                        </Mapping>
                        <Mapping field="Description">
                            <To object="Mapping" field="Description" />
                        </Mapping>
                        <Mapping field="EntityClassID">
                            <To object="Mapping" field="EntityClassID" />
                        </Mapping>
                        <Mapping field="Type">
                            <To object="Mapping" field="EntityType" />
                        </Mapping>
                        <Mapping field="Active">
                            <To object="Mapping" field="IsActive" />
                        </Mapping>
                    </Mapping>
                </Mappings>
            </TopLevelEntity>
            <TopLevelEntity name="StockItem" screen="IN202500">
                <Fields>
                    <Field name="ConfigurationID" type="StringValue" />
                    <Field name="DefaultBOMID" type="StringValue" />
                    <Field name="DfltMarkFor" type="StringValue" />
                    <Field name="DivisibleUnitDecimalBaseUnit" type="BooleanValue" />
                    <Field name="DivisibleUnitDecimalPurchaseUnit" type="BooleanValue" />
                    <Field name="DivisibleUnitDecimalSalesUnit" type="BooleanValue" />
                    <Field name="MaketoOrderItem" type="BooleanValue" />
                    <Field name="MaxOrderQty" type="DecimalValue" />
                    <Field name="MFGLeadTime" type="IntValue" />
                    <Field name="MinOrderQty" type="DecimalValue" />
                    <Field name="MRPItem" type="BooleanValue" />
                    <Field name="OverrideAMMinQtyOverride" type="BooleanValue" />
                    <Field name="OverrideAMReplenishmentSourceOverride" type="BooleanValue" />
                    <Field name="OverrideAMSafetyStockOverride" type="BooleanValue" />
                    <Field name="PlanningBOMID" type="StringValue" />
                    <Field name="QuantityRoundUp" type="BooleanValue" />
                    <Field name="ReorderPoint" type="DecimalValue" />
                    <Field name="SafetyStock" type="DecimalValue" />
                    <Field name="Source" type="StringValue" />
                    <Field name="WeightItem" type="BooleanValue" />
                </Fields>
                <Mappings>
                    <Mapping field="WeightItem">
                        <To object="ItemSettings: 2" field="WeightItem" />
                    </Mapping>
                    <Mapping field="MFGLeadTime">
                        <To object="ItemSettings: 6" field="AMMFGLeadTime" />
                    </Mapping>
                    <Mapping field="MinOrderQty">
                        <To object="ItemSettings: 6" field="AMMinOrdQty" />
                    </Mapping>
                    <Mapping field="ReorderPoint">
                        <To object="ItemSettings: 6" field="AMMinQty" />
                    </Mapping>
                    <Mapping field="OverrideAMMinQtyOverride">
                        <To object="ItemSettings: 6" field="AMMinQtyOverride" />
                    </Mapping>
                    <Mapping field="Source">
                        <To object="ItemSettings: 6" field="AMReplenishmentSource" />
                    </Mapping>
                    <Mapping field="OverrideAMReplenishmentSourceOverride">
                        <To object="ItemSettings: 6" field="AMReplenishmentSourceOverride" />
                    </Mapping>
                    <Mapping field="SafetyStock">
                        <To object="ItemSettings: 6" field="AMSafetyStock" />
                    </Mapping>
                    <Mapping field="OverrideAMSafetyStockOverride">
                        <To object="ItemSettings: 6" field="AMSafetyStockOverride" />
                    </Mapping>
                    <Mapping field="DivisibleUnitDecimalBaseUnit">
                        <To object="ItemSettings: 2" field="DecimalBaseUnit" />
                    </Mapping>
                    <Mapping field="DivisibleUnitDecimalPurchaseUnit">
                        <To object="ItemSettings: 2" field="DecimalPurchaseUnit" />
                    </Mapping>
                    <Mapping field="DefaultBOMID">
                        <To object="ItemSettings: 5" field="AMBOMID" />
                    </Mapping>
                    <Mapping field="DivisibleUnitDecimalSalesUnit">
                        <To object="ItemSettings: 2" field="DecimalSalesUnit" />
                    </Mapping>
                    <Mapping field="ConfigurationID">
                        <To object="ItemSettings: 5" field="AMConfigurationID" />
                    </Mapping>
                    <Mapping field="DfltMarkFor">
                        <To object="ItemSettings: 5" field="AMDefaultMarkFor" />
                    </Mapping>
                    <Mapping field="MaketoOrderItem">
                        <To object="ItemSettings: 5" field="AMMakeToOrderItem" />
                    </Mapping>
                    <Mapping field="MRPItem">
                        <To object="ItemSettings: 5" field="AMMRPItem" />
                    </Mapping>
                    <Mapping field="PlanningBOMID">
                        <To object="ItemSettings: 5" field="AMPlanningBOMID" />
                    </Mapping>
                    <Mapping field="QuantityRoundUp">
                        <To object="ItemSettings: 5" field="AMQtyRoundUp" />
                    </Mapping>
                    <Mapping field="MaxOrderQty">
                        <To object="ItemSettings: 6" field="AMMaxOrdQty" />
                    </Mapping>
                </Mappings>
            </TopLevelEntity>
        </Endpoint>
    </EntityEndpoint>
    <EntityEndpoint>
        <Endpoint xmlns:xsd="http://www.w3.org/2001/XMLSchema" xmlns:xsi="http://www.w3.org/2001/XMLSchema-instance" name="CTEXTRA" version="22.200.001" systemContractVersion="4" xmlns="http://www.acumatica.com/entity/maintenance/5.31">
            <TopLevelEntity name="PostingClass" screen="IN206000">
                <Fields>
                    <Field name="ClassID" type="StringValue" />
                    <Field name="Description" type="StringValue" />
                </Fields>
                <Mappings>
                    <Mapping field="Description">
                        <To object="postclass" field="Descr" />
                    </Mapping>
                    <Mapping field="ClassID">
                        <To object="postclass" field="PostClassID" />
                    </Mapping>
                </Mappings>
            </TopLevelEntity>
            <TopLevelEntity name="SegmentedKey" screen="CS202000">
                <Fields>
                    <Field name="AllowAddingNewValuesOntheFly" type="BooleanValue" />
                    <Field name="Description" type="StringValue" />
                    <Field name="Length" type="ShortValue" />
                    <Field name="LookupMode" type="StringValue" />
                    <Field name="MaxLength" type="IntValue" />
                    <Field name="NumberingID" type="StringValue" />
                    <Field name="Parent" type="StringValue" />
                    <Field name="SegmentedKeyID" type="StringValue" />
                    <Field name="Segments" type="ShortValue" />
                    <Field name="SpecificModule" type="StringValue" />
                </Fields>
                <Mappings>
                    <Mapping field="Description">
                        <To object="Header" field="Descr" />
                    </Mapping>
                    <Mapping field="AllowAddingNewValuesOntheFly">
                        <To object="Header" field="Validate" />
                    </Mapping>
                    <Mapping field="SegmentedKeyID">
                        <To object="Header" field="DimensionID" />
                    </Mapping>
                    <Mapping field="Length">
                        <To object="Header" field="Length" />
                    </Mapping>
                    <Mapping field="LookupMode">
                        <To object="Header" field="LookupMode" />
                    </Mapping>
                    <Mapping field="MaxLength">
                        <To object="Header" field="MaxLength" />
                    </Mapping>
                    <Mapping field="NumberingID">
                        <To object="Header" field="NumberingID" />
                    </Mapping>
                    <Mapping field="Parent">
                        <To object="Header" field="ParentDimensionID" />
                    </Mapping>
                    <Mapping field="Segments">
                        <To object="Header" field="Segments" />
                    </Mapping>
                    <Mapping field="SpecificModule">
                        <To object="Header" field="SpecificModule" />
                    </Mapping>
                </Mappings>
            </TopLevelEntity>
        </Endpoint>
    </EntityEndpoint>
</Customization>